date,artist_id,artist,venue,city,country_code,country,songs
07-06-2025,2c81816c-4ce5-4872-bf76-bc8f5ef9338d,Sisters & Brothers,Hiker Fest Stage at N Wayne & Main,Waynesboro,US,United States,"Franklin's Tower, Deal, Sugaree, They Love Each Other, Gomorrah, My Sisters and Brothers, Tough Mama, The Harder They Come, Everybody Needs Somebody to Love, Bright Side of the Road, Catfish John, Don't Let Go, Dear Prudence"
07-06-2025,9d60d03b-c61b-4934-84c3-a832334e9ed9,Blue Healer,Superfly Brewing Co.,Charlottesville,US,United States,"Roadhouse Blues, Low, Hey Bulldog, Up on Cripple Creek, Driver 8, Dead Flowers, She Caught the Katy, The Harder They Come, It's All Over Now, Baby Blue, American Girl, Can't You Hear Me Knocking, I Don't Need No Doctor, Black Magic Woman, Turn to Stone, Gold on the Ceiling, Bright Lights, Ain't Wastin' Time No More, I Got the Same Old Blues, Down Along the Cove, Rocky Mountain Way, Gimme Shelter, Mr. Charlie, Crosscut Saw, Going Down, The Thrill Is Gone, While My Guitar Gently Weeps, Down by the River, I Put a Spell on You"
03-06-2025,e0c97a4d-c392-41a9-a374-57af3e3eeab3,Geese,Stage AE,Pittsburgh,US,United States,"3D Country, Cowboy Nudes, Half Real, 2122, Gravity Blues, Mysterious Love, Domoto, Islands of Men, Trinidad"
03-06-2025,af37c51c-0790-4a29-b995-456f98a6b8c9,Vampire Weekend,Stage AE,Pittsburgh,US,United States,"Mansard Roof, Cape Cod Kwassa Kwassa, I Stand Corrected, Ice Cream Piano, Classical, Connect, White Sky, Step, This Life, M79, Sympathy, New Dorp. New York, Pravda, Capricorn, Gen-X Cops, Diane Young, Cousins, A-Punk, Campus, Oxford Comma, Mary Boone, Unbearably White, Harmony Hall, Hope, Bizzare Love Triangle, Twist and Shout, Cecilia, Fluorescent Adolescent, Dance Yrself Clean, Monster Mash, Bouncing Around the Room, She's a Rainbow, Send Me on My Way, Two Weeks, Scar Tissue, Higher, The Way It Is, War Pigs, Worship You, Ya Hey"
30-05-2025,9741f7f9-7369-4922-bfd2-7595fd362e3a,Bofa,The Whiskey Jar,Charlottesville,US,United States,"Use Me, Franklin's Tower, For What It's Worth, Ain't Wastin' Time No More, Dirty Work, Valerie, Feelin' Alright?, Dancing in the Moonlight, Tennessee Whiskey, Can't You See, Not Fade Away, Iko Iko, Superstition, Fly Like an Eagle, Take Me Out, Shakedown Street, Bertha, S.O.B., Turn On Your Love Light, I Got Loaded, The Weight"
30-05-2025,e2eabb0c-46c0-4725-9a46-d6c440ce1fe7,Zandi Holup,The Tin Pan,Richmond,US,United States,"Gas Station Flowers, Dirty Wings, Mountain Man, Preacher's Daughter, Mary Jane, Go Find Less, Wild Flower"
30-05-2025,ec863030-7c13-45a3-a025-a69195d3a020,Steve Earle,The Tin Pan,Richmond,US,United States,
29-05-2025,ec863030-7c13-45a3-a025-a69195d3a020,Steve Earle,The Tin Pan,Richmond,US,United States,"Ben McCulloch, The Devil's Right Hand, Guitar Town, My Old Friend the Blues, Someday, I Ain't Ever Satisfied, No. 29, Copperhead Road, Billy Austin, Goodbye, South Nashville Blues, CCKMP, Transcendental Blues, City of Immigrants, The Mountain, It's About Blood, I'm Not Missing Anything But You, Tell Moses, The Galway Girl"
25-05-2025,32b87bbc-2363-457a-97b4-3103a569f3a7,Thee Sacred Souls,Ting Pavilion,Charlottesville,US,United States,"Intro Jam, Love Comes Easy, Lucid Girl, Price I'll Pay, Will I See You Again?, Love Comes Easy, Let Me Feel Your Charm, Easier Said Than Done, My Heart Is Drowning, Who's Lips You Been Kissing, Any Old Fool, We Don't Have to Be Alone, Running Away, It's Our Love, Waiting on the Right Time, Somebody Knew, Losing Side of Love, Someone to Fulfill My Needs, Weak for Your Love, Live for You, I'm So Glad I Found You, Baby, Happy Birthday to You, Future Lover, Can I Call You Rose?"
25-05-2025,fc71764b-0b47-412f-afc1-d55760eee9bb,Tre Burt,Ting Pavilion,Charlottesville,US,United States,"Traffic Fiction, Told Ya Then, You, Yeah, You"
24-05-2025,c6268e9f-0e03-488a-bdd6-c40db5f665e9,Mama Tried,Batesville Market,Charlottesville,US,United States,"I Shall Be Released, Beat It on Down the Line, Eyes of the World, Gypsy Woman, Hard to Handle, Truckin', Scarlet Begonias, Fire on the Mountain, Stop Living in the Past, Dixie Chicken, Down in the Motherland"
24-05-2025,8d79105b-000f-40fa-bcf7-394939083d2d,Bluegrass Destroyers,The Birdcage,Charlottesville,US,United States,"Mama Tried, Dim Lights, Thick Smoke (And Loud, Loud Music), Blue Ridge Mountain Girl, Old Home Place, The Last Thing on My Mind"
22-05-2025,9d60d03b-c61b-4934-84c3-a832334e9ed9,Blue Healer,Rapture,Charlottesville,US,United States,"Roadhouse Blues, Going Down, Hey Bulldog, While My Guitar Gently Weeps, I'm Writing a Novel, Driver 8, Dead Flowers, Down Along the Cove, Rocky Mountain Way, Gimme Shelter, Down by the River, American Girl, I Don't Need No Doctor, Black Magic Woman, Turn to Stone, Gold on the Ceiling, It's All Over Now, Baby Blue, Mr. Charlie, Crosscut Saw, I Got the Same Old Blues, Ain't Wastin' Time No More, Can't You Hear Me Knocking, Bright Lights, I Put a Spell on You"
13-05-2025,4559f7de-a1c1-4786-96c3-f6f1e91a3d8c,Gillian Welch & David Rawlings,Paramount Theater,Charlottesville,US,United States,"Coal Miner's Daughter, Elvis Presley Blues, Midnight Train, Empty Trainload of Sky, Howdy Howdy, Cumberland Gap, The Way It Will Be, Bells of Harlem, Wayside / Back in Time, Ruby, The Way It Goes, Brown-Eyed Women, Lawman, What We Had, Hard Times, Hashtag, Annabelle, Six White Horses, China Doll, Red Clay Halo, Look at Miss Ohio, I'll Fly Away, Revelator, Everything Is Free"
09-05-2025,73701a01-07e2-44f7-8935-e094bdc22892,Rebirth Brass Band,The Southern Cafe & Music Hall,Charlottesville,US,United States,"It's All Over Now, Feel Like Funkin' It Up, Cassanova, When the Saints Go Marchin’ In"
03-05-2025,3b0479fc-0c17-4db7-9785-8391ca3fadcc,Michael Clem,Rivanna River Company,Charlottesville,US,United States,
03-05-2025,3e952e40-a922-43fd-adf3-1b5bc67607bc,Gallatin Canyon,Rivanna River Company,Charlottesville,US,United States,"Dark Hollow, New River Train, Why You Been Gone So Long, You Can Have Her, Tennessee Whiskey, Sittin' on Top of the World, Blue Ridge Cabin Home, I Am Weary, Let Me Rest, Honey, You Don't Know My Mind, Blue Night, California Cottonfields, Deep Elem Blues, Big Spike Hammer, I Wonder Where You Are Tonight?, The Lonesome Road, Spanish Pipedream, I Know You Rider, Sophronie, Aragon Mill, White Freight Liner"
02-05-2025,2c81816c-4ce5-4872-bf76-bc8f5ef9338d,Sisters & Brothers,The Jefferson Theater,Charlottesville,US,United States,"He Ain't Give You None, Deep Elem Blues, Oh! Darling, The Harder They Come, Lay Down Sally, Sugaree, Ophelia, Tangled Up in Blue, (You Never Can Tell) C'est la vie, How Sweet It Is (To Be Loved by You), The Maker, Don't Let Go, Franklin's Tower, New Speedway Boogie, The Other One, Althea, Shakedown Street, Cissy Strut, Take Me to the River, Going Down the Road Feeling Bad, The Weight"
30-04-2025,492a80b6-293b-4945-8e81-22119ab538ab,Andy Tichenor's Almost Acoustic,Keswick Vineyards,Charlottesville,US,United States,"Ophelia, The Thrill Is Gone, Cassidy, Runnin' Down a Dream, Midnight Moonlight, Friend of the Devil, Green River, Bird Song, The Boys of Summer, The Hobo Song, Last Dance With Mary Jane / Breakdown"
26-04-2025,94f8947c-2d9c-4519-bcf9-6d11a24ad006,Dead & Company,Sphere at The Venetian Resort,Las Vegas,US,United States,"Tangled Up in Blue, Shakedown Street, Scarlet Begonias, Fire on the Mountain, The Wheel, One More Saturday Night, Here Comes Sunshine, Estimated Prophet, Eyes of the World, Terrapin Station, Drums, Space, Looks Like Rain, Cold Rain and Snow, Knockin' on Heaven's Door, Old News Broadcast of the Grateful Dead, Not Fade Away"
25-04-2025,94f8947c-2d9c-4519-bcf9-6d11a24ad006,Dead & Company,Sphere at The Venetian Resort,Las Vegas,US,United States,"Good Times, Playing in the Band, Help on the Way, Slipknot!, Cumberland Blues, Jack Straw, Deal, Sugaree, Lost Sailor, Saint of Circumstance, They Love Each Other, In the Midnight Hour, Morning Dew, Drums, Space, Standing on the Moon, Althea, Uncle John's Band, Old News Broadcast of the Grateful Dead, Casey Jones"
25-04-2025,84a69823-3d4f-4ede-b43f-17f85513181a,Joe Russo's Almost Dead,Brooklyn Bowl,Las Vegas,US,United States,"Jam, Foolish Heart, Franklin's Tower, Don't Want You No More, Truckin', Viola Lee Blues, He's Gone, Lost Sailor, Saint of Circumstance, Scarlet Begonias, In the Meantime, Throwing Stones, Morning Dew, Promised Land"
24-04-2025,94f8947c-2d9c-4519-bcf9-6d11a24ad006,Dead & Company,Sphere at The Venetian Resort,Las Vegas,US,United States,"I Need a Miracle, Franklin's Tower, Mississippi Half-Step Uptown Toodeloo, I Know You Rider, Feel Like a Stranger, Bertha, China Cat Sunflower, Loser, Truckin', The Other One, St. Stephen, Drums, Space, Death Don't Have No Mercy, Brown-Eyed Women, Black Muddy River, Old News Broadcast of the Grateful Dead, Sugar Magnolia"
24-04-2025,84a69823-3d4f-4ede-b43f-17f85513181a,Joe Russo's Almost Dead,Brooklyn Bowl,Las Vegas,US,United States,"Jam, The Wheel, Let It Grow, Row Jimmy, My Brother Esau, Help on the Way, Slipknot!, The Other One, Rubin and Cherise, Good Lovin', Shakedown Street, Fire and Brimstone, Terrapin Station, Brown-Eyed Women"
20-04-2025,9d60d03b-c61b-4934-84c3-a832334e9ed9,Blue Healer,Tom Tom Founders Festival,Charlottesville,US,United States,"The Harder They Come, I'm Writing a Novel, Dead Flowers, While My Guitar Gently Weeps, Driver 8, I Got the Same Old Blues, No Expectations, Ain't Wastin' Time No More, Crazy Mama, Down Along the Cove, She Caught the Katy, Mr. Charlie, Up on Cripple Creek, You Don't Know How It Feels, Down by the River, California Stars, American Girl, I Put a Spell on You"
19-04-2025,5cb5d069-cd74-445a-ab00-acab9735245b,Love Canon,Fry's Spring Beach Club,Charlottesville,US,United States,"Danger Zone, Down Under, Everybody Wants to Rule the World, Sledgehammer, Axel F, Kyrie, Enjoy the Silence, Legs, Graceland, Physical, Money for Nothing, Solsbury Hill, Don't Stop Believin', How Mountain Girls Can Love, Africa"
18-04-2025,5132be8e-3d05-4d10-ab77-1ea03476e964,Houseplant,The Jefferson Theater,Charlottesville,US,United States,"Kashoo, Octopus, Gesundheit"
18-04-2025,a05236ee-3fac-45d7-96f5-b2cd6d03fda9,Dogs in a Pile,The Jefferson Theater,Charlottesville,US,United States,"Mr. Tooker, Look Johnny II, Dangers of Rah Rah, Let U Go, Unfocused, Green Earrings, The Bag, None, Nicolette, Charlie, Lazy Susan"
18-04-2025,20944cfc-ac55-4b9b-9b12-b528b94d9b64,Isaac Hadden,Ting Pavilion,Charlottesville,US,United States,Pepper
16-04-2025,b52211f1-49a2-4cd2-8535-dd1ba37ea90b,Cowboy Junkies,The Jefferson Theater,Charlottesville,US,United States,"Knives, Sweet Jane, What I Lost, Hard to Build. Easy to Break, Circe and Penelope, Hell Is Real, Forgive Me, All That Reckoning (Part 1), A Common Disaster, Oregon Hill, Blue Guitar, Powderfinger, Rake, Shadows 2, 'Cause Cheap Is How I Feel, State Trooper, Just Want to See, Lost My Driving Wheel, Bea's Song (River Song Trilogy: Part II), Blue Moon Revisited (Song for Elvis)"
15-04-2025,640db492-34c4-47df-be14-96e2cd4b9fe4,Billy Strings,John Paul Jones Arena,Charlottesville,US,United States,"John Hardy, Malfunction Junction, In the Clear, So Many Miles, Everything's the Same, Slipstream, Wargasm, Wait a Minute, Standing, This Old World, Escanaba, Shenandoah Breakdown, Secrets, Leadfoot, No End of Love, Think of What You've Done, Blues Stay Away From Me, On the Line, It Ain't Before, Dealing Despair, Lonesome Moonlight Waltz, Show Me the Door, Must Be Seven, My Love Comes Rolling Down, Meet Me at the Creek, The Beginning of the End, Roll On Buddy Roll On"
12-04-2025,86d56dbd-5558-4fe3-82d6-36e11b6e3650,Boot Scootin' Boogie Nights,The Southern Cafe & Music Hall,Charlottesville,US,United States,
11-04-2025,8c8b7177-4c03-4cb4-858c-b071f5de013e,Dogpark,Ting Pavilion,Charlottesville,US,United States,
11-04-2025,15f8b799-4c43-4f39-8ceb-9cdce7051b51,The Marcus King Band,Ting Pavilion,Charlottesville,US,United States,"The Well, Rock My World (Little Country Girl), Hero, Beautiful Stranger, Dark Cloud, F*ck My Life Up Again, Inglewood Motel (Halestorm), Rita Is Gone, Homesick, Autumn Rains, 8 A.M., Honky Tonk Hell, Save Me, Here Today, Delilah, Heard It in a Love Song, Goodbye Carolina, Lie Lie Lie, Wildflowers & Wine, Ramblin' Man"
10-04-2025,acf9fd0d-13c5-49b3-bd45-393662f248b2,Nightfall of Diamonds,Dürty Nelly's Pub,Charlottesville,US,United States,"Sugaree, Shakedown Street, Tennessee Jed, Ramble On Rose, China Cat Sunflower, Dark Star, Brown-Eyed Women, Deal, Friend of the Devil, New Speedway Boogie, Wharf Rat, Eyes of the World, Loser, Scarlet Begonias, Fire on the Mountain, Ripple"
05-04-2025,313898a6-ddb8-444a-a7eb-1490db70b1ec,Andy Tichenor,The Southern Cafe & Music Hall,Charlottesville,US,United States,"When I Paint My Masterpiece, Midnight Moonlight, Runnin' Down a Dream, Open Grove Road, In Memory of Elizabeth Reed"
05-04-2025,41c362d3-050c-4502-9baa-7d89eac89227,The Dirty Grass Players,The Southern Cafe & Music Hall,Charlottesville,US,United States,"West Coast Turnaround, Carlos, Voodoo Child (Slight Return), Royals, Hurricane"
28-03-2025,17e5dd85-8a52-4009-bfed-47e319ee1b9f,Underground Springhouse,The Southern Cafe & Music Hall,Charlottesville,US,United States,"I Recall, Tom Foolery, Ramblin' Man, Julian, Valerie"
28-03-2025,2c81816c-4ce5-4872-bf76-bc8f5ef9338d,Sisters & Brothers,The Southern Cafe & Music Hall,Charlottesville,US,United States,"How Sweet It Is (To Be Loved by You), I Second That Emotion, Dear Prudence, Cissy Strut, Bend Down Low, Deal"
27-03-2025,25bfe6df-5026-4c1e-8271-4775cb75b531,Fireside Collective,The Southern Cafe & Music Hall,Charlottesville,US,United States,"Long Journey Home, Brokedown Palace, Going Down the Road Feeling Bad"
22-03-2025,83cf58e1-c088-46ed-9e86-f0847360b557,Virginia Man,The Southern Cafe & Music Hall,Charlottesville,US,United States,"Whistling Trees, I I Don't Really Mind, Snow in the Desert"
14-03-2025,8d8349b7-a995-4f5b-a0fa-6afdba22b416,Justin Trawick and the Common Good,The Monument,Winchester,US,United States,"Glendale Train, The Bright Side, Don't Think Twice, It's All Right, Five and Dime, Wonderwall, Stones, Respect, You Can't Always Get What You Want, The Galway Girl, Honest eyes, Creep"
14-03-2025,87892049-eeff-4b22-bb55-b522a1e348ea,Steely Dead,Bright Box Theater,Winchester,US,United States,"Waiting for a Miracle, Razor Boy, Foolish Heart, The Boston Rag, West L.A. Fadeaway, Black-Throated Wind, Do It Again, Eyes of the World, Show Biz Kids, Rubin and Cherise, Night by Night, Mississippi Half-Step Uptown Toodeloo, Any Major Dude Will Tell You, Mr. Charlie, Don't Take Me Alive, Jack-A-Roe, With a Gun"
08-03-2025,47676001-9442-49c4-8e38-b8a18a321976,The Dirty Roots,Old Town Blues Club,Temecula,US,United States,"Outlaw Blues, Baby What You Want Me to Do, The Weight, Key to the Highway, Cissy Strut, Smoke & Wine, Something To, Doin' the Crime, She Caught the Katy, Somebody Stole the Sunshine, Give It To Me, Get Right, Traveling Mood, And It Stoned Me, Wishful Thinking, Little Bit Of Soul, (Sittin' On) The Dock of the Bay, Tongue Tied, Green Onions, Going Down, Up on Cripple Creek, Honey Bee, Cars Hiss by My Window, Dead Flowers, Corinna, B Flat Blues, Kansas City, Georgia on My Mind, Spirit in the Night, Sweet Virginia, Wagon Wheel, Boogie with Stu"
07-03-2025,7500af7e-51fd-4e0a-adee-a80966a0de80,The Garcia Project,Winstons Beach Club,San Diego,US,United States,"I Second That Emotion, They Love Each Other, Sitting in Limbo, Who Was John?, After Midnight, Russian Lullaby, The Addams Family Theme, How Sweet It Is (To Be Loved by You), The Way You Do the Things You Do, Catfish John, Tore Up Over You, Strange Man, Friend of the Devil, Knockin' on Heaven's Door, I Want to Tell You, My Sisters and Brothers (In Christ), The Harder They Come"
06-03-2025,7500af7e-51fd-4e0a-adee-a80966a0de80,The Garcia Project,Winstons Beach Club,San Diego,US,United States,"Cats Under the Stars, Stop That Train, You Never Can Tell, Run for the Roses, Simple Twist of Fate, Ain't No Bread in the Breadbox, My Sisters and Brothers (In Christ), Deal, The Way You Do the Things You Do, Waiting for a Miracle, Money Honey, Shining Star, Struggling Man, Don't Let Go, Everybody Needs Somebody to Love, What a Wonderful World"
05-03-2025,5fab339d-5dd4-42b0-8d70-496a4493ed59,moe.,The Jefferson Theater,Charlottesville,US,United States,"(Ghost) Riders in the Sky, Runnin' With the Devil, Yellow Tigers, Mar De Ma, Haze, Can't Find My Way Home, Rise, Faker, Kids, Water, Hector's Pillow, Bring You Down, In Memory of Elizabeth Reed, Shoot First, CIA, Timmy Tucker, Crab Eyes"
01-03-2025,81b38118-c135-4ac4-8334-c57a2455b798,Sierra Hull,The Jefferson Theater,Charlottesville,US,United States,"How Long, Bluegrass Concerto, Movement 3, ""Pray"", Boom, Come Out Of My Blues, Beautifully Out of Place, Let's Go, Spitfire, Lord, That's a Long Way, Mad World, Muddy Water, What Do You Say?, Redbird, Best Buy, Black River, Old Dangerfield, Less, Stomping Grounds, Haven Hill"
01-03-2025,36617282-4216-49b5-b18b-f695da6816c3,Stephanie Lambring,The Jefferson Theater,Charlottesville,US,United States,"Daddy's Disappointment, Jasper, Fine, Good Mother, Cover Girl, Hospital Parking, Two-Faced"
21-02-2025,32e6d469-5274-43aa-a38e-fa37bb9505b2,Deau Eyes,The Southern Cafe & Music Hall,Charlottesville,US,United States,"When, Nebulous, Guard Dogs, Please Woman, Safer Love, Miner and Raven, Haven't You Had Quite Enough, Some Do, Borderline, Moscow in the Spring, Legacies, Dear Young Love, Hot Rocks"
21-02-2025,a67cfd12-4129-4fb6-8772-24ef77a3798f,Dogwood Tales,The Southern Cafe & Music Hall,Charlottesville,US,United States,"driver's side fantasy, McMemories, Paul's Valley, mt jackson, dream, Princess Peach"
20-02-2025,b8b5db18-2392-4983-99bd-c445a7c6d0bd,Kendall Street Company,The Southern Cafe & Music Hall,Charlottesville,US,United States,"Misirlou, Marijuana Time Warp, I Am The Wheel, Crab Surprise, Boomba Voyage (I Sure Do Love Plants), Planet Earth, Sports, Beanie Blues, Rocky Raccoon, Ripped Pants, Board Shorts, Wipe Out, My Mans Was a Funky Cat, I Wanna Be Your Dog, Rooster, Cars, The Chicken, Stanley Birdogmouth (He's an Oyster!), Porridge, BBC"
18-02-2025,2093e8b7-6230-408d-a9d4-024bce91b576,Bandits on the Run,The Jefferson Theater,Charlottesville,US,United States,"You Have Changed, Love in the Underground, Let's Go Below, Spellbound, What to Do, Now Is the Time, Radio, Reach Back, We Battle Giants"
17-02-2025,2cdd6de7-ccb9-450e-a20d-382407689d6a,The Wood Brothers,The Jefferson Theater,Charlottesville,US,United States,"Between the Beats, Twisted, Sky High, Can't Look Away, Rollin' On, Shoofly Pie, Little Bit Sweet, Jitterbug Love, Happiness Jones, I Got Loaded, When I Was Young, Smoke Ring Halo, Alabaster, This Is It, Sing About It, Pilgrim, The Muse, Up Above My Head, Little Blue, Postcards From Hell, Honey Jar, Ophelia, Luckiest Man, One More Day"
13-02-2025,b8b5db18-2392-4983-99bd-c445a7c6d0bd,Kendall Street Company,The Southern Cafe & Music Hall,Charlottesville,US,United States,"Becca's Dad, Expiration Date, Sweet and Clean, Shanti the Dolphin, Snow Day, Marty Song, Sojourn of Arjuna, Vampire Empire, Pink Pony Club, Lost Together, Excusez-moi, Let 'Em In, Mister Funky Daddy, Aged White Cheddar, Wasted, Lollipops and Roses, Samba Do Avião, Solo Theme, Sleepwalk, Rippling Waters, Girl in a Sportscar, Mae, September Song, Pipeline"
11-02-2025,73ec072d-3c67-49af-a677-e313d35dedaa,Small Town Rodeo,Dürty Nelly's Pub,Charlottesville,US,United States,"Paradise, I Feel The Blues Moving In, White Freight Liner Blues, Folsom Prison Blues, Long Journey Home, Walkin' After Midnight, Harlem River Blues, Charleston Girl, Devil's Right Hand, Get Back, Why You Been Gone So Long, Your Cheatin' Heart, Evangeline, Jackson, Dark Hollow, Midnight Moonlight, You Ain't Goin' Nowhere, Dixieland Delight, Friend of the Devil, I Know You Rider, Hook, Ring of Fire, Fox on the Run, Atlantic City, The Gambler, Dead Flowers, I've Just Seen a Face, Strawberry Wine, Willin', Drivin' My Life Away, Piece Of My Heart, The Weight, Take Me Home, Country Roads, Tennessee Whiskey"
08-02-2025,c6268e9f-0e03-488a-bdd6-c40db5f665e9,Mama Tried,WTJU-FM Studios,Charlottesville,US,United States,"Jackson Square, Beat It on Down the Line, Sonora Sun, Gypsy Woman, Gideon's Bible, Stop Living in the Past, Running Out of Time, Blind to the World, Viola Lee Blues, Murder of Crows, Hey Pocky A-Way, Down in the Motherland, Scarlet Begonias, Fire on the Mountain, Sugar Magnolia"
07-02-2025,9c296120-9699-45b3-81ad-0bedf445671a,The Rush Experience,The Foundry,Waynesboro,US,United States,"Force Ten, The Spirit of Radio, Limelight, Dreamline, Red Barchetta, Manhattan Project, The Pass, Lakeside Park, Jacob's Ladder, Tom Sawyer, La Villa Strangiato, Subdivisions, New World Man, Vital Signs, Closer to the Heart, YYZ, Working Man"
23-01-2025,acf9fd0d-13c5-49b3-bd45-393662f248b2,Nightfall of Diamonds,Rapture,Charlottesville,US,United States,"They Love Each Other, Deal, Brown-Eyed Women, Ramble On Rose, China Cat Sunflower, Dark Star, Scarlet Begonias, Fire on the Mountain, Tennessee Jed, Shakedown Street, Ship of Fools, New Speedway Boogie, Wharf Rat, Eyes of the World, Loser, Morning Dew"
22-01-2025,3826a6e0-9ea5-4007-941c-25b9dd943981,Umphrey’s McGee,The Jefferson Theater,Charlottesville,US,United States,"Bad Moon Rising, Owner of a Lonely Heart, Restrung, Remind Me, Wife Soup, Syncopated Strangers, Roctopus, All Things Ninja, Up on Cripple Creek, All in Time, Out of Order, The Silent Type, Fame, August, Mail Package, Kimble"
22-01-2025,3ff408ce-1683-4f63-bf14-3ba0469cc77c,Day of the Dead All Stars,Rapture,Charlottesville,US,United States,"Spanish Moon, Mr. Charlie, Scarlet Begonias, Fire on the Mountain, Dark Star, West L.A. Fadeaway, Dancing in the Street, St. Stephen, Immigrant Song, St. Stephen, The Other One, Althea, Piece Of My Heart, Franklin's Tower, After Midnight, Black Muddy River, White Rabbit"
13-01-2025,5706ca0c-2165-4b57-a8d1-24b94f9b3007,Dead Ahead,Moon Palace Cancun Resort,Cancún,MX,Mexico,"Help on the Way, Slipknot!, Franklin's Tower, A Hard Rain's A-Gonna Fall, Brown-Eyed Women, Looks Like Rain, Althea, Playing in the Band, Mississippi Half-Step Uptown Toodeloo, Truckin', Drums, Standing on the Moon, Casey Jones, Brokedown Palace, Touch of Grey"
12-01-2025,5706ca0c-2165-4b57-a8d1-24b94f9b3007,Dead Ahead,Moon Palace Cancun Resort,Cancún,MX,Mexico,"Shakedown Street, Friend of the Devil, Jack Straw, Samson and Delilah, Bird Song, Loser, Box of Rain, Mama Tried, Ripple, Me and My Uncle, Deep Elem Blues, Deal, Scarlet Begonias, Estimated Prophet, Eyes of the World, Morning Dew, Cold Rain and Snow, Turn On Your Love Light"
11-01-2025,f6e61750-a6b7-4d88-979b-052345cd0e4a,Sturgill Simpson,Moon Palace Cancun Resort,Cancún,MX,Mexico,"Brace for Impact (Live a Little), You Don't Miss Your Water, Mint Tea, Juanita, Railroad of Sin, Water in a Well, Scooter Blues, Midnight Rider, Welcome to Earth (Pollywog), It Ain't All Flowers, Best Clockmaker on Mars, A Whiter Shade of Pale, Right Kind of Dream, All Said and Done, Long White Line, Sing Along, Fastest Horse in Town, Call to Arms, Life of Sin, Living the Dream, If the Sun Never Rises Again, Spanish Moon, One for the Road, Purple Rain, A Good Look, Living Loving Maid (She's Just a Woman), L.A. Woman"
11-01-2025,a2abdca1-2041-45b9-8d01-e34fdef7922f,Joy Oladokun,Moon Palace Cancun Resort,Cancún,MX,Mexico,"if you got a problem, AM I?, Changes, DRUGS, sunday, jordan, Sweet Symphony, NO COUNTRY, QUESTIONS, CHAOS & FAITH, I'D MISS THE BIRDS, Blackbird, look up, DUST/DIVINITY"
11-01-2025,c6a5a49b-9885-42e6-9fb5-ccaaec05f753,Trampled by Turtles,Moon Palace Cancun Resort,Cancún,MX,Mexico,"Old and in the Way, Pig in a Pen, I Ain’t Broke (But I’m Badly Bent), White Dove, Don't Think Twice, It's All Right, On And On, Walls Of Time, How Mountain Girls Can Love, Uncle Pen, The Hobo Song, Knockin' on Heaven's Door, Peggy-O, Hard Hearted, Wild Horses, Midnight Moonlight, Breathe (In the Air), Angel Band"
11-01-2025,583098da-203a-48fd-be90-6776aed847db,Tom Hamilton,Moon Palace Cancun Resort,Cancún,MX,Mexico,"Nearly Lost You, Kiss Her With Your Eyes Closed"
10-01-2025,5706ca0c-2165-4b57-a8d1-24b94f9b3007,Dead Ahead,Moon Palace Cancun Resort,Cancún,MX,Mexico,"Sugar Magnolia, Sugaree, Deep Elem Blues, Tennessee Jed, Dupree's Diamond Blues, Lost Sailor, Saint of Circumstance, China Cat Sunflower, I Know You Rider, Terrapin Station, Turtles All the Way Down, Peggy-O, All Along the Watchtower, Days Between, Not Fade Away, Black Muddy River"
09-01-2025,5c5284c4-38b2-4018-b1ed-404d77fd2cf0,Neal Francis,Moon Palace Cancun Resort,Cancún,MX,Mexico,"Problems, What's Left of Me, Dirty Little Secret, Can't Stop the Rain"
09-01-2025,e1691442-e13c-4166-875d-ce8ab92b9b38,Oteil & Friends,Moon Palace Cancun Resort,Cancún,MX,Mexico,"Love and War, New River Train, Unbroken Chain, The Harder They Come, Run for the Roses, Get Out of My Life, Woman, Lay Down Sally, Cats Under the Stars, Knockin' on Heaven's Door, That's What Love Will Make You Do, Evangeline"
23-12-2024,b8b5db18-2392-4983-99bd-c445a7c6d0bd,Kendall Street Company,The Jefferson Theater,Charlottesville,US,United States,
23-12-2024,0fda2f0a-3ddc-4d2e-aa65-ea5ea190e729,Disco Risqué,The Jefferson Theater,Charlottesville,US,United States,"Run Rudolph Run, Drift"
12-12-2024,c28bcdb2-6e32-4b15-a9b0-77a4d88c6c74,Stephen Wilson Jr,The Jefferson Theater,Charlottesville,US,United States,"Calico Creek, Billy, Cuckoo, Twisted, Patches, The Devil, Not Letting Go, Stand by Me, Father's Søn, Year to Be Young 1994, American Gothic, Hometown, Holler From the Holler, Gary, The Beginning"
03-12-2024,fcd4279a-976d-40c0-a090-5760e348831c,Blue Healer,Rapture,Charlottesville,US,United States,"Roadhouse Blues, I Don't Need No Doctor, Low, Gold on the Ceiling, The Thrill Is Gone, Going Down, I Got the Same Old Blues, Ain't Wastin' Time No More, Rocky Mountain Way, Gimme Shelter, It's All Over Now, Baby Blue, I Put a Spell on You, Can't You Hear Me Knocking, Black Magic Woman, Dead Flowers, Bright Lights, Crosscut Saw, Hey Bulldog, Pipeline, Down by the River, I'm Tore Down, American Girl"
26-11-2024,e477d9c0-1f35-40f7-ad1a-b915d2523b84,Dark Star Orchestra,Stage AE,Pittsburgh,US,United States,"Promised Land, Sugaree, Mexicali Blues, Mama Tried, Stagger Lee, Looks Like Rain, Deal, I Need a Miracle, Brown-Eyed Women, Estimated Prophet, The Other One, Eyes of the World, Drums, Space, If I Had the World to Give, Iko Iko, Around and Around, U.S. Blues, Box of Rain, Piece of My Heart"
24-11-2024,6d516230-b18f-4ba9-95b1-4e7aa6646a4b,Melvin Seals & JGB,Paramount Theater,Charlottesville,US,United States,"In the Midnight Hour, Johnny Too Bad, Dancing in the Street, Love in the Afternoon, If I Had the World to Give, Tore Up Over You, Truckin', Drum World, Corrina, Stop That Train, Ain't No Bread in the Breadbox, Knockin' on Heaven's Door, New Speedway Boogie, The Other One, Stella Blue, My Sisters and Brothers (In Christ), Deal"
18-11-2024,f6e61750-a6b7-4d88-979b-052345cd0e4a,Sturgill Simpson,The Anthem,Washington,US,United States,"Soul Lam Plearn, Living the Dream, One for the Road, Midnight Rider, Welcome to Earth (Pollywog), Best Clockmaker on Mars, I'd Have to Be Crazy, A Whiter Shade of Pale, Right Kind of Dream, All Said and Done, Long White Line, Jupiter's Faerie, Water in a Well, Scooter Blues, Life of Sin, Turtles All the Way Down, Brace for Impact (Live a Little), You Don't Miss Your Water, Mint Tea, Juanita, Railroad of Sin, The Promise, Fastest Horse in Town, Spirit in the Sky, A Good Look, Living Loving Maid (She's Just a Woman), L.A. Woman, Purple Rain, Just Let Go, It Ain't All Flowers, Call to Arms"
15-11-2024,a475b03f-2074-41e3-a8f0-8ec007414289,Two Runner,The Jefferson Theater,Charlottesville,US,United States,"Strawberry Rhinestone, Run Souls, Devil's Rowdydow"
14-11-2024,5c8a1d1c-d4cd-471c-80e0-85920139dd4f,The Stews,The Jefferson Theater,Charlottesville,US,United States,"An Island, Notions, What Was"
09-11-2024,c96b3858-7292-4111-a97c-25e5c8d29815,The ‘77z,Fry's Spring Beach Club,Charlottesville,US,United States,"U.S. Blues, Dire Wolf, Loose Lucy, Bird Song, Truckin', The Music Never Stopped, Unbroken Chain, China Doll, Jack-A-Roe, Mississippi Half-Step Uptown Toodeloo, Ship of Fools, One More Saturday Night, Here Comes Sunshine, On the Road Again"
08-11-2024,e9177de4-27de-44b2-8aa7-c78bd5340587,Illiterate Light,The Jefferson Theater,Charlottesville,US,United States,"Loser, Payphone, Dead Nettles, All the Stars Are Burning Out, Light Me Up, Feb 1st, Heaven Bends, Norfolk Southern, Blood Lines, Montauk, Slow Down Time, I Wanna Leave America, Always Always, Growin' Down, I Ride Alone, Vampire Blues, Better Than I Used To, Nuthin's Fair, In The Ground"
08-11-2024,9987f4cb-15a4-492d-964b-7afb5bf05470,TWEN,The Jefferson Theater,Charlottesville,US,United States,"Fortune 500, One Stop Shop (For a Fading Revolution), Infinite Sky, Feeling in Love (From the Waist Down), Bore U, Lucky Onze, SeaStar, HaHaHome"
02-11-2024,5dc2ada8-9a8b-4db3-ae75-338ababe57df,Shadowgrass,The Jefferson Theater,Charlottesville,US,United States,"I'm on My Way Back to the Old Home, Pleasantly Aimless, Like an Anchor, Dig a Hole in the Meadow, Freeborn Man, Walls"
02-11-2024,2a994741-42ca-4251-8400-7b6fe09ecf3d,Kitchen Dwellers,The Jefferson Theater,Charlottesville,US,United States,"Saturday (Oooh! Ooooh!), This Time, Foundation, Willy the Wandering Gypsy and Me, Driftwood, Gypsy, Drowning (... Again), New Delhi Freight Train, Drowning (... Again), Mountain, Whipping Post, Stand at Ease, Russell County Line, Stand at Ease, Seven Devils, Mountain, The '59 Sound"
01-11-2024,3ff408ce-1683-4f63-bf14-3ba0469cc77c,Day of the Dead All Stars,The Southern Cafe & Music Hall,Charlottesville,US,United States,"Cassidy, Touch of Grey, Mr. Charlie, Loser, West L.A. Fadeaway, Dark Star, Spooky, Dancing in the Street, Shakedown Street, St. Stephen, White Rabbit, Althea, The Other One, Werewolves of London, Mississippi Half-Step Uptown Toodeloo, Casey Jones, Samson and Delilah"
26-10-2024,7138cdab-21da-4880-82b7-efb1b9fb38a1,Duane Betts & Palmetto Motel,Paramount Theater,Charlottesville,US,United States,"Downtown Runaround, Shinin', Colors Fade, Taking Time, Saints to Sinners, Cold Dark World, Jessica"
26-10-2024,9b106beb-12b5-4525-8025-42e295a2b90a,Little Feat,Paramount Theater,Charlottesville,US,United States,"Fat Man in the Bathtub, Hate to Lose Your Lovin', Oh Atlanta, Spanish Moon, Time Loves a Hero, Day or Night, Shakedown Street, Trouble, Willin', Honest Man, Down on the Farm, Texas Twister, A Apolitical Blues, Southbound, Dixie Chicken, Teenage Nervous Breakdown, Feats Don't Fail Me Now"
23-10-2024,4559f7de-a1c1-4786-96c3-f6f1e91a3d8c,Gillian Welch & David Rawlings,Haw River Ballroom,Saxapahaw,US,United States,"Caleb Meyer, Midnight Train, Empty Trainload of Sky, Howdy Howdy, Cumberland Gap, Wayside / Back in Time, Hashtag, The Princess & The Raven, Ruby, The Way It Goes, Lawman, What We Had, Hard Times, Turf the Gambler, The Day the Mississippi Died, Lazarus, Make Me a Pallet on the Floor, Red Clay Halo, Midnight Bones, Look at Miss Ohio, I'll Fly Away, Everything Is Free"
17-10-2024,64c08e7f-48ba-4a49-a18f-9ac648c8ac63,Daniel Donato,The Foundry,Waynesboro,US,United States,"Take This Job and Shove It, Truck Driving Man, Rose in a Garden, Cosmic Country Gardens, Alabama Jubilee, About the Angels, Big Iron, Riders in the Sky, Passing Storm, Mr. Record Man, Why You Been Gone So Long, Cigar Time, For a Long Time, Chore, I Shall Be Released, Gotta Get Southbound, Sunshine in the Rain (Strange Presence), Playing Your Game, Tell Me I'm a Lover, Boogie Man, Quinn the Eskimo (The Mighty Quinn)"
13-10-2024,e13d2935-8c42-4c0a-96d7-654062acf106,Neko Case,The Jefferson Theater,Charlottesville,US,United States,"I Wish I Was the Moon, Wreck, Calling Cards, Deep Red Bells, People Got a Lotta Nerve, Margaret vs. Pauline, This Tornado Loves You, That Teenage Feeling, Lady Pilot, Maybe Sparrow, Hex, Oracle of the Maritimes, Oh Neglect, Halls of Sarah, Oh, Shadowless, The Pharaohs, Hell‐On, I'm an Animal, Star Witness, Hold On, Hold On"
13-10-2024,c6122382-cff2-427b-807b-d54138db59b9,Lucy Wainwright Roche,The Jefferson Theater,Charlottesville,US,United States,
09-10-2024,b5c4ffa2-82e1-4b72-b7f3-c60afb74b860,Ray LaMontagne,Ting Pavilion,Charlottesville,US,United States,"It Takes Me Back, Step Into Your Power, Strong Enough, I Wouldn’t Change a Thing, Roll Me Mama, Roll Me, Let's Make It Last, Such a Simple Thing, My Lady Fair, The Way Things Are, Supernova, Long Way Home, Jolene, Trouble, Make or Break"
09-10-2024,5c61efe6-3cdf-4160-b43c-9274944369e6,Gregory Alan Isakov,Ting Pavilion,Charlottesville,US,United States,"Southern Star, The Fall, Amsterdam, San Luis, This Empty Northern Hemisphere, Miles to Go, Big Black Car, She Always Takes It Black, Watchman, Sweet Heat Lightning, If I Go, I'm Goin, Liars, Silver Bell, The Stable Song"
04-10-2024,b8b5db18-2392-4983-99bd-c445a7c6d0bd,Kendall Street Company,The Jefferson Theater,Charlottesville,US,United States,"Tubular Reality, Checkin' Out, Aged White Cheddar, Marijuana Timewarp, El Perro Triste, Pink Flying Saucer, My Man Was a Funky Cat, Spanish Pipedream, Cherry Tree, Sports, Board Shorts, Porridge, Cars, Cats in zeh Hous"
04-10-2024,42b38ec4-8ecb-4241-9320-30d5dd9f6556,David Wax Museum,The Jefferson Theater,Charlottesville,US,United States,"Luanne, Best Lover, Born with a Broken Heart, Wondrous Love, Every Time Katie, Harder Before It Gets Easier, Uncover the Gold, Guesthouse, Your Heart's a Piñata, El Querreque, Helen, Can You Forgive Me?, You Must Change Your Life, Equal in the Darkness, Only Ones Awake"
04-10-2024,492af16c-b57a-4e98-a23f-af1468bada65,River Driven Band,Rapture,Charlottesville,US,United States,"I Know You Rider, Dear Prudence, Iko Iko, It's a Man's Man's Man's World, Mr. Charlie, My Sisters and Brothers, Deal, Shakedown Street, Lovely Day, St. Stephen, Possum, Going Down the Road Feeling Bad, Scarlet Begonias, Fire on the Mountain, West L.A. Fadeaway, It Hurts Me Too, Bertha, Turn On Your Love Light"
03-10-2024,84a69823-3d4f-4ede-b43f-17f85513181a,Joe Russo's Almost Dead,Ting Pavilion,Charlottesville,US,United States,"Don't Ease Me In, Mr. Charlie, Eyes of the World, Me and Bobby McGee, Eyes of the World, Rubin and Cherise, Jessica, Not Fade Away, You Keep Me Hangin' On, Throwing Stones, Black Peter, Truckin', The Other One, Touch of Grey"
02-10-2024,af37c51c-0790-4a29-b995-456f98a6b8c9,Vampire Weekend,Ting Pavilion,Charlottesville,US,United States,"Holiday, Cape Cod Kwassa Kwassa, Bryn, Ice Cream Piano, Classical, Connect, White Sky, Unbelievers, This Life, Sunflower, Sympathy, New Dorp. New York, Giving Up the Gun, Campus, Capricorn, Gen-X Cops, Diane Young, Cousins, A-Punk, Prep-School Gangsters, Mary Boone, Harmony Hall, Hope, Fly, Iris, International Harvester, Girls Just Want to Have Fun, Can You Feel the Love Tonight, In the Aeroplane Over the Sea, Funkytown, Fire on the Mountain, Jeremy, Here Comes the Sun, Head Over Heels, La vie en rose, Take It Easy, Worship You, Ya Hey, Theme From ""New York, New York"""
02-10-2024,4c671d5a-7027-4398-8055-03e61d1a3967,Cults,Ting Pavilion,Charlottesville,US,United States,"Crybaby, Onions, Eat It Cold, You Know What I Mean, Gilded Lily, Hung the Moon, Always Forever"
28-09-2024,2c81816c-4ce5-4872-bf76-bc8f5ef9338d,Sisters & Brothers,The Foundry,Waynesboro,US,United States,"They Love Each Other, Get Out of My Life, Woman, Struggling Man, Deal, Gomorrah, Dear Prudence, Bend Down Low, Let It Rock, Mighty High, My Sisters and Brothers, Run for the Roses, Money Honey, The Maker, Lonesome and a Long Way from Home, Drums, Everybody Needs Somebody to Love"
27-09-2024,d644969c-cb2f-4a66-8c2e-b92c3bae9a88,Stop Light Observations,The Southern Cafe & Music Hall,Charlottesville,US,United States,"Dinosaur Bones, For Elizabeth, 57Chevy, LEVI, Security, good to u, ozymandias, 13bullets (pt. 1), smooth little operator, Heals My Heart, bLUE., 8teen, how do u feel?, 2young, Aquarius Apocalyptic"
21-09-2024,ad6085dc-dce1-41c3-9d44-4e81567983e7,White Ford Bronco,The Jefferson Theater,Charlottesville,US,United States,"Bang the Drum All Day, Never Let You Go, No Rain, Santa Monica, Jealous Again, Push, Fly Away, Higher, Everlong, Just a Girl, Lovefool, Mr. Jones, Basket Case, I Will Survive, Flagpole Sitta, Tonight, Dreams, 3AM, Two Princes, Gettin' Jiggy Wit It / Fresh Prince Theme / Thong Song / Miami, No Scrubs, Wannabe, I'm Gonna Be (500 Miles), ...Baby One More Time, Man! I Feel Like a Woman!, All Star, Zombie, Iris, Wonderwall, What's Up?, I Want It That Way, My Own Worst Enemy, Semi-Charmed Life, All the Small Things, Closing Time"
20-09-2024,821dbfc1-148b-4b86-bfb8-50b18cd0f11c,Empty Bottles,Ting Pavilion,Charlottesville,US,United States,"Wild Night, Foolish Heart, You Can Call Me Al, Baker Street, Hold the Line, Movin' Out (Anthony's Song), Lido Shuffle, Baby Come Back, How Long, Ride Like the Wind, Sledgehammer, Footloose, Who Can It Be Now?, Miss You, Brandy (You're a Fine Girl), Don't Bring Me Down, Takin' It to the Streets, Ophelia, Saturday Night's Alright for Fighting, Two Tickets to Paradise, Kodachrome, You Make Loving Fun, Loving Cup"
13-09-2024,e477d9c0-1f35-40f7-ad1a-b915d2523b84,Dark Star Orchestra,Maymont,Richmond,US,United States,"Promised Land, Dire Wolf, Passenger, Mississippi Half-Step Uptown Toodeloo, Blow Away, Beat It on Down the Line, Bird Song, Man Smart, Woman Smarter, Visions of Johanna, Box of Rain, Jack Straw, Lay Down Sally, Corrina, Eyes of the World, Drums, Space, The Last Time, Playing in the Band, Stella Blue, Werewolves of London"
13-09-2024,83cf58e1-c088-46ed-9e86-f0847360b557,Virginia Man,The Camel,Richmond,US,United States,
09-09-2024,0fda2f0a-3ddc-4d2e-aa65-ea5ea190e729,Disco Risqué,Rapture,Charlottesville,US,United States,"Toxic, Ramblin' Gamblin' Man, Have a Cigar, Right Back Where We Started From, The Boys of Summer"
09-09-2024,b925a474-d245-4217-bc13-2e153d82bebb,Goose,Ting Pavilion,Charlottesville,US,United States,"Turbulence & The Night Rays, All I Need, I'm Writing a Novel, Feel It Now, Animal, Rosewood Heart, Rockdale, Tumble, This Old Sea, Interlude II, The Empress of Organos, Into the Myst, Turn On Your Love Light"
07-09-2024,d1393ecb-431b-4fde-a6ea-d769f2f040cb,Kacey Musgraves,TD Garden,Boston,US,United States,"Cardinal, Butterflies, Sway, Golden Hour, Too Good to Be True, Space Cowboy, Happy & Sad, Lonely Weekend, Lonely Millionaire, Follow Your Arrow, Irish Goodbye, The Architect, Kill Bill, Jade Green, Slow Burn, justified, Pink Pony Club, High Horse, Deeper Well, Rainbow"
07-09-2024,365144f7-85af-4c83-b24b-b1d0b26160bb,Nickel Creek,TD Garden,Boston,US,United States,"Where the Long Line Leads, The Lighthouse's Tale, This Side, Toxic, Smoothie Song, Thinnest Wall, When in Rome, Destination"
07-09-2024,172053e5-a7fb-4548-a64d-c53858b5e775,Father John Misty,TD Garden,Boston,US,United States,"I'm Writing a Novel, The Night Josh Tillman Came to Our Apt., Nancy From Now On, Goodbye Mr. Blue, Chateau Lobby #4 (in C for Two Virgins), She Cleans Up, Josh Tillman and the Accidental Dose, Holy Shit, I Love You, Honeybear"
30-08-2024,bcf3ad0b-4eae-4c8b-a292-9f4c573aa27a,Samantha Fish,The Jefferson Theater,Charlottesville,US,United States,"Kick Out the Jams, Better Be Lonely, Chills and Fever, Bulletproof, Miles to Go, Kill or Be Kind, Watch It Die, Need You More, Somebody's Always Trying, Poor Black Mattie, Dream Girl, Black Wind Howlin'"
30-08-2024,3771a061-3d2a-4070-a0af-92253c2063a7,The Skip Castro Band,Ting Pavilion,Charlottesville,US,United States,"Flatfoot Sam, New Orleans, You Never Can Tell, Rockin' All Over the World, I Got a Rocket in My Pocket, Sweet, Sweet Girl, Roll Over Beethoven, My Gal Is Red-Hot, Jumpin' Jack Flash"
28-08-2024,b19fe89f-4f86-4dee-b20b-701f81d2223d,Keely & the Tea Lights,Common House,Charlottesville,US,United States,"Seven Bridges Road, Masterpiece, Out of the Flood, Up, Up and Away, Doorstop (I've Never Been More Aware), Bed of Nails, California Dreamin', No Moss on this Stone, Summer on the James, Flutterbye, Carey, Lightning, Drowning on Thin Air, Unsteady, Your Company, Jellyfish, Helplessly Hoping, Forecast, Come Down Love, Seven Bridges Road"
23-08-2024,52a4de43-92f5-4995-9a71-07d67dd35b7d,Nathaniel Rateliff & The Night Sweats,The Gorge Amphitheatre,George,US,United States,"I Need Never Get Old, Look It Here, A Little Honey, Wasting Time, Heartless, You Worry Me, Hey Mama, S.O.B., Love Don't"
23-08-2024,9947e874-ddd0-4e1a-b0d4-a76f6532fe45,Tyler Childers,The Gorge Amphitheatre,George,US,United States,"Way of the Triune God, Tulsa Turnaround, Percheron Mules, Country Squire, I Swear (To God), Rustin' in the Rain, Shake the Frost, All Your'n, Purgatory, In Your Love, Lady May, Nose on the Grindstone, Follow You to Virgie, Old Country Church, Can I Take My Hounds to Heaven?, Whitehouse Road"
23-08-2024,a2abdca1-2041-45b9-8d01-e34fdef7922f,Joy Oladokun,The Gorge Amphitheatre,George,US,United States,"Smells Like Teen Spirit, Black Car, We’re All Gonna Die"
09-08-2024,492a80b6-293b-4945-8e81-22119ab538ab,Andy Tichenor's Almost Acoustic,The Jefferson Theater,Charlottesville,US,United States,"On the Road Again, Midnight Moonlight, The Thrill Is Gone, Rosa Lee McFall, Take Me, Shady Grove, The Hobo Song, Dire Wolf, Cassidy, Ripple"
09-08-2024,43ca08f9-21d9-4f5a-929b-b23ef9a466f9,Alligator,The Jefferson Theater,Charlottesville,US,United States,"Casey Jones, Friend of the Devil, Deal, New Speedway Boogie, Happy Birthday to You, Beat It on Down the Line, China Cat Sunflower, I Know You Rider, U.S. Blues, Eyes of the World, Drums, Scarlet Begonias, Fire on the Mountain, Not Fade Away, Going Down the Road Feeling Bad, One More Saturday Night, Truckin'"
06-08-2024,4a42d940-ad63-4b06-a871-f6e37eab4c6f,Field Medic,The Jefferson Theater,Charlottesville,US,United States,"-h-o-u-s-e-k-e-y-z-, i want you so bad it hurts, tombstone poetry, clear thoughts of morning, do a little dope, henna tattoo, used 2 be a romantic, p e g a s u s t h o t z, Place to Be, Full grown, song i made up to stop myself from having a panic attack just now, uuu, POWERFUL LOVE"
06-08-2024,9639cd52-c351-4a17-9797-58880e95a7ef,The Mountain Goats,The Jefferson Theater,Charlottesville,US,United States,"Carrot Rope, The Legend of Chavo Guerrero, Water Tower, Incandescent Ruins, In Memory of Satan, Fresh Tattoo, Dutch Orchestra Blues, Clemency for the Wizard King, Southwestern Territory, Thank You Mario but Our Princess Is in Another Castle, Dance Music, Woke Up New, Bell Swamp Connection, Lizard Suit, Hast Thou Considered the Tetrapod, This Year, See America Right, The Mess Inside, Waylon Jennings Live!, Up the Wolves"
03-08-2024,e25705c2-8b1c-45c3-9002-6216ef232a5d,The Dead Reckoning,Martin's Downtown,Roanoke,US,United States,"Bertha, Don't Let Go, Turn On Your Love Light, Althea, Mississippi Half-Step Uptown Toodeloo, They Love Each Other, Jack Straw, Shakedown Street, That's What Love Will Make You Do, Shakedown Street, Mr. Charlie, Not Fade Away"
03-08-2024,4a13d8ae-0771-4b82-8a6d-ccbad0494e5c,Lady Couch,Martin's Downtown,Roanoke,US,United States,"Cats Under the Stars, Deal, Loser, Eyes of the World, Bird Song, Eyes of the World, Brown-Eyed Women, Black-Throated Wind, Ship of Fools, The Wheel, Ramble On Rose, Playing in the Band, U.S. Blues"
03-08-2024,2c81816c-4ce5-4872-bf76-bc8f5ef9338d,Sisters & Brothers,Martin's Downtown,Roanoke,US,United States,"Lay Down Sally, He Ain't Give You None, Expressway to Your Heart, Happy Birthday to You, Dear Prudence, That's a Touch I Like, After Midnight, Eleanor Rigby, After Midnight"
02-08-2024,2c81816c-4ce5-4872-bf76-bc8f5ef9338d,Sisters & Brothers,The Southern Cafe & Music Hall,Charlottesville,US,United States,"Deep Elem Blues, Friend of the Devil, Jack-A-Roe, It Takes a Lot to Laugh, It Takes a Train to Cry, Run for the Roses, Dire Wolf, Ripple, Unbroken Chain, Cats Under the Stars, The Magnificent Sanctuary Band, Lay Down Sally, Stop That Train, That's a Touch I Like, The Harder They Come, Tough Mama, Jack Straw, When I Paint My Masterpiece, Mississippi Half-Step Uptown Toodeloo, Eyes of the World, China Cat Sunflower, Cassidy, New Speedway Boogie, Shakedown Street, Hey Pocky A-Way"
27-07-2024,6df88602-4471-4597-9895-f4f7b829eab3,Town Mountain,The Jefferson Theater,Charlottesville,US,United States,"Devil in Disguise, American Family, Flannery's Reel, Daydream Quarantina, Firebound Road, Farewell Boy, So Far Away, Lines in the Levee, Comeback Kid, Ruination Line, Whiskey with Tears, Last Man Standing, Snowin' on Raton, False Hearted Lover Blues, I'm on Fire, Lawdog, Big Decisions, Down Low, Black Sheep"
27-07-2024,5b942355-029f-4e5c-aa41-85c96658e31a,Rebecca Porter,The Jefferson Theater,Charlottesville,US,United States,"The Laundry Pile, Clockin' Out, Let Me Go, Honky Tonks Ain't for Heroes, If I'm Being Honest, Happy Go Lucky, Prme Rainbow Conditions, Queen of the Local, The Lonely Song"
21-07-2024,51b7f46f-6c0f-46f2-9496-08c9ec2624d4,Ben Folds,Ting Pavilion,Charlottesville,US,United States,"Capable of Anything, Sentimental Guy, The Ascent of Stan, Fragile, Kristine From the 7th Grade, Effington, Phone in a Pool, Me and Maurice, Late, Do It Anyway, Kylie From Connecticut, The Luckiest, The Last Polka, Silver Street, Philosophy, What Matters Most, Brick, Emaline, Narcolepsy, Army"
19-07-2024,1aea8b80-7257-4f40-84e6-aafbe4146040,Shagwüf,Ting Pavilion,Charlottesville,US,United States,Sweet Freak
17-07-2024,365144f7-85af-4c83-b24b-b1d0b26160bb,Nickel Creek,Ting Pavilion,Charlottesville,US,United States,"First and Last Waltz, Helena, Where the Long Line Leads, The Lighthouse's Tale, Going Out..., This Side, Water Under the Bridge, Part 1, The Meadow, Hayloft, Smoothie Song, Somebody More Like You, Thinnest Wall, Rest of My Life, Scotch & Chocolate, Stone's Throw, I Should've Known Better, When You Come Back Down, Cuckoo's Nest, Destination, To the Airport, Tumbling Tumbleweeds"
17-07-2024,081b133e-ce74-42ba-92c1-c18234acb532,Andrew Bird,Ting Pavilion,Charlottesville,US,United States,"Softly as in a Morning Sunrise, I Fall in Love Too Easily, Why?, Bloodless, Sisyphus, Underlands, The Night Before Your Birthday, Three White Horses, Orpheo Looks Back, Give It Away, Manifest, Caravan, Pulaski at Night, Tables and Chairs"
14-07-2024,e23eac42-f904-47da-8599-823ff431bea4,Michael Franti & Spearhead,Ting Pavilion,Charlottesville,US,United States,"Meet Me When The Sun Goes Down, The Sound of Sunshine, Vibe Check (My Kinda Party), Brighter Day, I Got You, Good Day for a Good Day, Work Hard and Be Nice, Lay It All Down, Big Big Love, Life Is Better With You, Lost But Not Alone, I Hope I Come Back as a Song, Happy Is The New Sexy, Hands Up To The Sky, Say Hey (I Love You), Imagine, Three Little Birds"
22-06-2024,94f8947c-2d9c-4519-bcf9-6d11a24ad006,Dead & Company,Sphere at The Venetian Resort,Las Vegas,US,United States,"Minglewood Blues, Shakedown Street, Bertha, When I Paint My Masterpiece, Jack Straw, Sugar Magnolia, Uncle John's Band, St. Stephen, Morning Dew, Terrapin Station, Drums, Space, All Along the Watchtower, Stella Blue, Althea, Brokedown Palace, Old News Broadcast of the Grateful Dead, Not Fade Away"
21-06-2024,6d516230-b18f-4ba9-95b1-4e7aa6646a4b,Melvin Seals & JGB,Brooklyn Bowl,Las Vegas,US,United States,"Let's Spend the Night Together, Expressway to Your Heart, Dear Prudence, Tore Up Over You, And It Stoned Me, Mystery Train, Cats Under the Stars, The Wheel, Drums and Space Jam, Corrina, Like a Road Leading Home"
21-06-2024,054e2798-297d-4396-bb09-8bffda628e43,Pink Talking Fish,Brooklyn Bowl,Las Vegas,US,United States,"In the Flesh?, Burning Down the House, Tennessee Jed / Ocelot, Fearless, Prince Caspian, Psycho Killer, Shakedown Street, Also sprach Zarathustra, op. 30, The Happiest Days of Our Lives, Another Brick in the Wall, Part 2, This Must Be the Place (Naive Melody), Another Brick in the Wall, Part 3, Possum, Time, The Great Gig in the Sky, Not Fade Away, Carini / War Pigs, Once in a Lifetime, Can't Find My Way Home, I've Got a Feeling / Quinn the Eskimo (The Mighty Quinn)"
21-06-2024,94f8947c-2d9c-4519-bcf9-6d11a24ad006,Dead & Company,Sphere at The Venetian Resort,Las Vegas,US,United States,"Good Times, Mississippi Half-Step Uptown Toodeloo, Easy Wind, Ramble On Rose, The Weight, Lost Sailor, Saint of Circumstance, Casey Jones, Help on the Way, Slipknot!, Deal, Scarlet Begonias, Fire on the Mountain, Drums, Space, Standing on the Moon, Brown-Eyed Women, Eyes of the World, Old News Broadcast of the Grateful Dead, Touch of Grey"
20-06-2024,94f8947c-2d9c-4519-bcf9-6d11a24ad006,Dead & Company,Sphere at The Venetian Resort,Las Vegas,US,United States,"Man Smart, Woman Smarter, Playing in the Band, They Love Each Other, Tennessee Jed, Dire Wolf, Greatest Story Ever Told, Sugaree, China Cat Sunflower, I Know You Rider, He's Gone, The Other One, Drums, Space, The Wheel, Franklin's Tower, U.S. Blues, Throwing Stones, Old News Broadcast of the Grateful Dead, Turn On Your Love Light"
14-06-2024,fcd4279a-976d-40c0-a090-5760e348831c,Blue Healer,The Front Porch,Charlottesville,US,United States,"Roadhouse Blues, Hey Bulldog, Gold on the Ceiling, Driver 8, California Stars, The Waiting, I Got the Same Old Blues, Ain't Wastin' Time No More, Just What I Needed, Low, Can't You Hear Me Knocking, Black Magic Woman, Going Down, Rocky Mountain Way, Gimme Shelter, American Girl"
07-06-2024,f55fbb8a-7b59-4acc-bbe7-51bc8eedf28c,Jacob Paul Allen,The Southern Cafe & Music Hall,Charlottesville,US,United States,"Drunken Poet's Dream, Ain't No Lie, Mean and Cruel, Guitars, Cadillacs, Back to the Southland, Postcard from Nowhere, Tie One On, If You Were a Number"
07-06-2024,e78c6f68-fc02-4707-bdd7-5af468f99078,The Currys,Ting Pavilion,Charlottesville,US,United States,"Atlantic City, Rude Awakening, Gulf Coast Home, Dreams, Whiskey, You're the Devil, Happy Birthday to You, Please Please Me, Sure Thing, Shithole, You Are My Sunshine, Wrecking Ball, Novelty"
16-05-2024,cff95140-6d57-498a-8834-10eb72865b29,The String Cheese Incident,Ting Pavilion,Charlottesville,US,United States,"Lonesome Road Blues, Outside and Inside, Enjoy the Ride, Mouna Bowa, Get Tight, Roll Around the Sun, Restless Wind, Trip The Light Fantastic, Group Hoot, Black Clouds, Boogie On Reggae Woman, Eye Know Why, Tinder Box, Tore Up Over You, Song in My Head, Rollover, Valley of the Jig, Ring of Fire"
16-05-2024,2c81816c-4ce5-4872-bf76-bc8f5ef9338d,Sisters & Brothers,The Southern Cafe & Music Hall,Charlottesville,US,United States,"Rubin and Cherise, Franklin's Tower, Tough Mama, He Ain't Give You None, I Second That Emotion, My Sisters and Brothers, Deal, The Maker, Ain't No Bread in the Breadbox, Eleanor Rigby, Ain't No Bread in the Breadbox"
04-05-2024,81617ef9-d498-48a3-a9a7-0f68fe63a5f4,Terrified of Spiders,Rapture,Charlottesville,US,United States,"Country Squire, I Shot the Sheriff, Cold Rain and Snow, Dear Prudence, Honky Cat, Meat Sweats, Ophelia, Walk of Life, Cocaine, Doctor My Eyes, Franklin's Tower, She Don't Use Jelly, Folsom Prison Blues, Wanting War, Royals, 9 to 5, Bulletproof, St. Stephen, Sweet Home Alabama, Eleanor Rigby, Wanting War, Scarlet Begonias, Vile Beguile, Dani California, Your Mama Don't Dance, I Know You Rider, Old Man, Rosa Lee McFall, The Weight"
03-05-2024,2df2df19-b0d3-477f-a8da-8a66a7f44e10,Chickenhead Blues Band,Holly’s Diner,Charlottesville,US,United States,
03-05-2024,42b38ec4-8ecb-4241-9320-30d5dd9f6556,David Wax Museum,Ting Pavilion,Charlottesville,US,United States,"Best Lover, El Ahualulco, Love Comes Around, Equal in the Darkness, Juniper Jones, You Must Change Your Life, Be Patient, Letras de Colas, Your Heart's a Piñata, Only Ones Awake, Pattern of Mind, Born with a Broken Heart, This Life Is Kindly, Harder Before It Gets Easier, Big Sur"
14-04-2024,41a18d7b-e456-4fc9-8cf5-c46c90ee3e90,Rachael Davis,The Southern Cafe & Music Hall,Charlottesville,US,United States,"Lazarus, Summertime, Radio Hill, Wrong, Can I Come Over?, Lela May, St. Joan, Bergson's Tune"
13-04-2024,23f20841-f311-4b92-9ff9-65d1b25340dd,Chatham County Line,The Southern Cafe & Music Hall,Charlottesville,US,United States,"Chip of a Star, Right on Time, Queen Anne’s Gold, Rock in the River, Stone, Ghost of Woody Guthrie, Way Down Yonder, Crop Comes In, She's Got You, The Traveler, Heaven, Under the Willow Tree, Magic, Strange Fascination, Station to Station, Speed of the Whippoorwill, Lone Ranger, B S R"
28-03-2024,c914d97d-a8fe-4d60-8cbf-0745df32f652,Last Fair Deal,The Foundry,Waynesboro,US,United States,"Promised Land, Sugaree, Black-Throated Wind, Next Time You See Me, They Love Each Other, Minglewood Blues, Tennessee Jed, Looks Like Rain, Ramble On Rose, Beat It on Down the Line, Deal, China Cat Sunflower, I Know You Rider, Happy Birthday to You, Samson and Delilah, Mississippi Half-Step Uptown Toodeloo, Good Morning, School Girl, Drums, The Other One, St. Stephen, The Eleven, Turn On Your Love Light, Brokedown Palace"
26-03-2024,5084f6bf-c817-4ad2-950b-8caf8677fa0b,Dervish,The Haven,Charlottesville,US,United States,"Kitty Come Down to Limerick set, Knockcrocker, Sporting Paddy, Dónal Óg, The Rambling Irishman, The Forgotten Fling, New Found Out, Baba Chonraoi, Molly Malone, The Galway Shawl, The Green Gowned Lass, Down by the Glenside (The Bold Fenian Men), The Coolea Jigs"
15-03-2024,d3fb1614-78fd-4555-9c68-f8b25add2de7,Carbon Leaf,The Jefferson Theater,Charlottesville,US,United States,"Ruby, Gathering, Indecision, Changeless, What About Everything?, Two Aging Truckers, Gifts From the Crows, Paloma, Desperation Song, Oi, Morrison's Jig, Bow & Arrow, Banish Misfortune, The Boxer, She's Gone (…for Good This Time), Grey Sky Eyes, The War Was in Color, On Any Given Day, Pale Blue Dot, One Prairie Outpost, Life Less Ordinary, Let Your Troubles Roll By, I Know the Reason, Lake of Silver Bells"
15-03-2024,143d5820-dbf1-4f72-be37-c1b46b353a3b,Villages,The Jefferson Theater,Charlottesville,US,United States,"New Orleans, Don't Think Twice, It's All Right"
14-03-2024,5dc2ada8-9a8b-4db3-ae75-338ababe57df,Shadowgrass,The Southern Cafe & Music Hall,Charlottesville,US,United States,
03-03-2024,4486702e-7b26-43fd-babc-c0df7be0e1d9,St. Paul & The Broken Bones,The Jefferson Theater,Charlottesville,US,United States,"Wichita Lineman, Super Freak, Opening Marvin Jam, Call Me, Half the City, I'm Torn Up, Wolf In Rabbit Clothes, City Federal Building, Grass Is Greener, Roach Clip Instrumental, Convex, Minotaur, GotItBad, Apollo, Like a Mighty River, Sanctify, The Last Dance, Broken Bones & Pocket Change, I Am Very Glad, As I Am Finally Returning Back Home (aka ""Trololo Song"")"
03-03-2024,49f9d797-4a34-4076-a0da-03a1d4c7c010,Sugadaisy,The Jefferson Theater,Charlottesville,US,United States,"Born this way, Dusk vs Dawn, Sometimes love, Pretend, Heart of mine"
01-03-2024,a916ce0a-0ab7-4b2f-b169-2166b746e31e,Donna the Buffalo,The Jefferson Theater,Charlottesville,US,United States,"Funky Side, Motor, Positive Friction, The Ones You Love, Heaven and the Earth, Sitting on Top of the World, Hold That Tiger Down, Seems to Want to Hurt This Time, If You Only Could, Going Up the Country, Mystic Water, Yonder, No Place Like the Right Time, Tumbling Dice"
23-02-2024,ccd69c22-fba6-4ff9-9c6f-e3b2867759dc,Zoso,The Jefferson Theater,Charlottesville,US,United States,"Bron-Yr-Aur, Rock and Roll, Good Times Bad Times, Immigrant Song, Custard Pie, Black Dog, Dancing Days, Over the Hills and Far Away, Since I've Been Loving You, Kashmir, That's the Way, Going to California, How Many More Times, Moby Dick, Drums, Moby Dick, Stairway to Heaven, The Ocean"
21-02-2024,356b8ba7-e31e-4dbc-ab3d-0152ad7261be,Larry & Joe,The Southern Cafe & Music Hall,Charlottesville,US,United States,"Caballo viejo, Roll in My Sweet Baby's Arms, The Dreamer, Nuevo South Train, Harp & Banjo (Piano) Merengue, Adiós muchachos, Como llora una Estrella, Larry's Cachapa, Festival en Guararé, Fiesta en Elorza"
18-02-2024,3fbe788d-d4df-4ab1-b6cc-efc5781bb1f2,Tanner Usrey,The Southern Cafe & Music Hall,Charlottesville,US,United States,"It's a Long Way to the Top (If You Wanna Rock 'n' Roll), Till the Morning Light, Who I Am, Come Back Down, With You, Give it Some Time, Pick Up Your Phone, Medicine Man, Time Bomb, Make You Weep, Beautiful Lies, Evelyn's Eyes, Crossing Lines, Black Widow, Stay With Me, Destiny, Keep Your Hands to Yourself, Guns, Drugs and Allergy Pills, Who I Am, Take Me Home, Josephine, The Chain"
18-02-2024,7cc3638a-85f0-435d-875a-26bd5d1ca658,JD Clayton,The Southern Cafe & Music Hall,Charlottesville,US,United States,"Beauty Queen, American Millionaire, Give Me One Reason, Cotton Candy Clouds, Long Way From Home, Brown Haired Blue Eyed Baby, The Joker, Stir It Up, Brown Haired Blue Eyed Baby, Heartaches After Heartbreak, Goldmine, High Hopes, Low Expectations, Long White Line, Arkansas Kid"
17-02-2024,e286481a-9c3d-4534-b0e5-99a65441df82,The Judy Chops,The Southern Cafe & Music Hall,Charlottesville,US,United States,"Never Leave, And When I Die, Someone, Ready My Heart, Lay My Love, Look at Miss Ohio, Manstranger, Ball and Chain, Good Days, Give Me One Reason, Hipster Haircut, Spit It Out"
17-02-2024,fc43dc12-ac80-40ba-9b17-d88de1ff899f,South Hill Banks,The Southern Cafe & Music Hall,Charlottesville,US,United States,"Hudson River Melody, Who Needs You, Running Cedar, Family Stone, Jimmy's Burden, When the Cactus is in Bloom, Appalachian Blues, Blue Night, That's How I Got to Memphis, Sittin' in a Cell, Doyle's Pass, Miss This Ride, Whiskey Woman, Wild Bill Jones, Neon Moon"
15-02-2024,b8b5db18-2392-4983-99bd-c445a7c6d0bd,Kendall Street Company,The Southern Cafe & Music Hall,Charlottesville,US,United States,"Laura, I'm Sorry About the Cobbler, Blade Runner, Over the Water, Snow Day, Marty Song, Mary & Meggo, Le Shaque, 393, Porridge, Crab Surprise, Two Legs, Two Feet, Gloria, I Rly Luv U"
10-02-2024,a2bd5b60-2d6a-4273-b4e3-7766da42100d,Indecision,The Jefferson Theater,Charlottesville,US,United States,"What Do You Do, Instant Armadillo Blues, Chicken in the Pot, Loser, Take It All In, Hot Turkey, Big Bright Light, Walkin' The Plank, Black Hearted Woman, When the Levee Breaks, Just a Little Bit, Dear Prudence, I'm Not from Here, Jump for Joy"
08-02-2024,b8b5db18-2392-4983-99bd-c445a7c6d0bd,Kendall Street Company,The Southern Cafe & Music Hall,Charlottesville,US,United States,"Tubular Reality, Comfort Eagle, Gut Feeling, I Am The Wheel, Waiting on a Train, Stephen the Manly Clam, Avant Gardener, BBC, Dreams, Sports, Aged White Cheddar, Pink Flying Saucer, Wasted, Your Cheatin' Heart, Marijuana Time Warp, Cars, Red Solo Cup, What Is Love, Return of the Pink Flying Saucer"
06-02-2024,60a00bd8-ba3b-41ae-a404-5299a7069046,C.J. Chenier and the Red Hot Louisiana Band,The Jefferson Theater,Charlottesville,US,United States,"Zydeco Boogaloo, Hot Tamale Baby, It's About Time, It's Alright, I've Got a Woman, I'm Coming Home, Jambalaya (On the Bayou), Iko Iko, Three Little Birds, Zydeco Party, My Baby Don't Wear No Shoes, Caldonia"
03-02-2024,64c08e7f-48ba-4a49-a18f-9ac648c8ac63,Daniel Donato,The Jefferson Theater,Charlottesville,US,United States,"We Are the World, Hi-Country, Better Deal Blues, Why You Been Gone So Long, Cigar Time, Halfway (In Between), Lose Your Mind, Waymore's Blues, Mystery Train, Down by the Riverside, Amarillo by Morning, The Race is On, Don't Let Me Down, Locomotive #9, Rose in a Garden, Darling Corey, The Arkansas Traveler, Big Iron, Riders in the Sky, Banks of the Ohio, Free Wheelin', Everybody's Talkin', Weathervane, Blue Skies, Dance in the Desert, Going Down the Road Feeling Bad"
01-02-2024,b8b5db18-2392-4983-99bd-c445a7c6d0bd,Kendall Street Company,The Southern Cafe & Music Hall,Charlottesville,US,United States,"Go On, Snow Day, Innerstate, Checkin, Checkin' Out, When I Fell Out..., Becca's Dad, They Don't Know at the Beach, Board Shorts, Say Hey!, Wasted, La Grange, I Got Stoned and I Missed It, Porridge"
27-01-2024,2a552094-9d55-4775-a8cb-0f7797cfb464,PRKST,Main Line Brewery,Richmond,US,United States,"Brain Stew, Your Love, Dirty Little Secret, Love Yourself, Upside Down, Say It Ain't So, Seven Nation Army, Creep, 1985, Zombie, Black Smoke Rising, 1979, Dreams, Black Horse and the Cherry Tree, Just What I Needed, Fade Into You, Landslide, Blank Space, get him back!, Sk8er Boi, Tennessee Whiskey, Something in the Orange, Put Your Records On, Brazil, Free Bird, Shallow, Wagon Wheel, What's Up?, Wonderwall, Cigarette Daydreams, Say It Ain't So, Dreams, Smells Like Teen Spirit, Something in the Orange, Blank Space"
27-01-2024,cbdaf434-9d17-4660-a055-af50f5076e80,The Legwarmers,The Jefferson Theater,Charlottesville,US,United States,"Fight for Your Right, Pour Some Sugar on Me, Just Like Heaven, Material Girl, Jump, Jessie's Girl, Walking on Sunshine, Take Me Home Tonight, Hurts So Good, Let's Go Crazy, Just a Friend, Love Is a Battlefield, I'm Gonna Be (500 Miles), Footloose, Africa, Billie Jean, Summer of '69, I Love Rock 'n' Roll, Don't Stop Believin', Rebel Yell, 99 Luftballons, Tainted Love, Sweet Dreams (Are Made of This), Eye of the Tiger, Walk Like an Egyptian, Free Fallin', Blister in the Sun, I Wanna Be Sedated, We Got the Beat, (I've Had) The Time of My Life, Take On Me, We're Not Gonna Take It, Here I Go Again, You Shook Me All Night Long, Livin' on a Prayer"
24-01-2024,8d79105b-000f-40fa-bcf7-394939083d2d,Bluegrass Destroyers,Bar Baleno,Charlottesville,US,United States,"The High Road, Blue Night, Where the Wild River Rolls, Sunny Side of the Mountain, Paradise, Land's End, I Could Change My Mind, Bending Blades, Black Jack Davey, When You Go Walking After Midnight, Evangeline, Missionary's Downfall, Home of the Red Fox, Slippin' Away, Till We Meet Again, Meet Me in the Morning, How Mountain Girls Can Love, Helplessly Hoping"
19-01-2024,dcbc0072-3337-48e0-8f01-79fa8154ace8,New Potato Caboose,The Southern Cafe & Music Hall,Charlottesville,US,United States,"The Mansion, By-O, Y-Dance, Big River, The Whisper, It Ain't a Thing, Chain of Fools, Down On the Farm, Throw Rug Blues, Gold Plated Crime, Hey Now Julia, Turn On Your Love Light, Promising Traveler, Cortez the Killer, All Along the Watchtower, Sympathy for the Devil, Weed"
14-01-2024,3826a6e0-9ea5-4007-941c-25b9dd943981,Umphrey’s McGee,The National,Richmond,US,United States,"Bathing Digits, Plunger, Mad Love, Uncle Wally, Kabump, Hiccup, The Crooked One, Small Strides, Maybe Someday, Attachments, Hajimemashite, Staircase, Day Nurse, Hey Nineteen, Mulche's Odyssey, Slacker"
10-01-2024,8d79105b-000f-40fa-bcf7-394939083d2d,Bluegrass Destroyers,Bar Baleno,Charlottesville,US,United States,"Lay Me to Rest, Mama Tried, Where the Wild River Rolls, Sitting on Top of the World, Sin City, Slippin' Away, 10 Degrees & Getting Colder, Can't You Hear Me Calling, I'll Sail My Ship Alone, Rose Colored Glasses, Dixie Hoedown"
31-12-2023,e9177de4-27de-44b2-8aa7-c78bd5340587,Illiterate Light,The Jefferson Theater,Charlottesville,US,United States,"Wake Up Now, Light Me Up, Carolina Lorelei, In The Ground, Sometimes Love Takes So Long, Always Always, All the Stars Are Burning Out, Feb 1st, One Big Holiday, Nuthin's Fair, I Wanna Leave America, Heaven Bends, Killer Not a Lover, Here Lie the Bones of My Favorite Car, Growin' Down, Vampire Blues, Auld lang syne, Better Than I Used To, All These Things That I've Done"
29-12-2023,2c81816c-4ce5-4872-bf76-bc8f5ef9338d,Sisters & Brothers,The Foundry,Waynesboro,US,United States,"Deal, I Second That Emotion, Ain't No Bread in the Breadbox, Run for the Roses, Struggling Man, The Harder They Come, Rubin and Cherise, Bend Down Low, Sugaree, Lay Down Sally, Like a Road Leading Home, Everybody Needs Somebody to Love"
23-12-2023,b8b5db18-2392-4983-99bd-c445a7c6d0bd,Kendall Street Company,The Jefferson Theater,Charlottesville,US,United States,"Foxy Lady, Board Shorts, Iron Man, Let 'Em In, Boomba Voyage (I Sure Do Love Plants), Iron Man, Laura, I'm Sorry About the Cobbler"
23-12-2023,42b38ec4-8ecb-4241-9320-30d5dd9f6556,David Wax Museum,The Jefferson Theater,Charlottesville,US,United States,"Uncover the Gold, Born With a Broken Heart, Your Heart's a Piñata, Equal in the Darkness, El Ahualulco, Be Patient, You Must Change Your Life, Best Lover, That Night In Richmond, Summer Wrapped In Gold, Harder Before It Gets Easier, Big Sur, Guesthouse, Helen, Can You Forgive Me?, Luanne, Only Ones Awake"
20-12-2023,8d79105b-000f-40fa-bcf7-394939083d2d,Bluegrass Destroyers,Bar Baleno,Charlottesville,US,United States,"Kerfunten / Banish Misfortune, Bending Blades, 10 Degrees & Getting Colder, Things in Life, Where the Wild River Rolls, Hobo Song, Rose Colored Glasses, Hangman's Reel, Red Haired Boy, I'll Sail My Ship Alone, Captain, I've Endured, Never More Will Roam, Cattle in the Cane, California Cotton Fields, Katy Daley, Thunderclouds of Love"
16-12-2023,0f9b5bdb-9e99-40c1-8311-5164cb8871a1,Bob Weir and Wolf Bros.,Capitol Theatre,Port Chester,US,United States,"K.C. Moan, Loser, Mission in the Rain, Mama Tried, Jack Straw, Two Djinn, Lost Sailor, Saint of Circumstance, Deal, Bombs Away, Truckin', Turn On Your Love Light, Uncle John's Band, Supplication, Terrapin Station, Days Between, One More Saturday Night, Ripple"
15-12-2023,0f9b5bdb-9e99-40c1-8311-5164cb8871a1,Bob Weir and Wolf Bros.,Capitol Theatre,Port Chester,US,United States,"Peggy-O, The Winners, Mississippi Half-Step Uptown Toodeloo, Tennessee Jed, Odessa, Ramble On Rose, I Need a Miracle, Fever, U.S. Blues, Me and Bobby McGee, Man Smart, Woman Smarter, Bertha, Cassidy, The Wheel, Eyes of the World, What's Going On, Stella Blue, Not Fade Away, Going Down the Road Feeling Bad"
09-12-2023,b925a474-d245-4217-bc13-2e153d82bebb,Goose,Hampton Coliseum,Hampton,US,United States,"Pancakes, Doobie Song, Circles, 99 Luftballons, Big Blue, Dripfield, Red Bird, I'm Forever Blowing Bubbles, Jungle, Animal, Echo of a Rose, Run Through the Jungle, The Way It Is, The Empress of Organos, Jungle Boogie, Arcadia"
08-12-2023,b925a474-d245-4217-bc13-2e153d82bebb,Goose,Hampton Coliseum,Hampton,US,United States,"Earthling or Alien?, All I Need, Mirrors, Tumble, Man in the Mirror, Fire, Creatures, (dawn), Sex on Fire, Butter Rum, Arrow, Burning Down the House, So Ready, Slow Ready, Hot Tea"
22-11-2023,c96b3858-7292-4111-a97c-25e5c8d29815,The ‘77z,The Jefferson Theater,Charlottesville,US,United States,"Help on the Way, Slipknot!, Estimated Prophet, Dark Star, St. Stephen, Scarlet Begonias, Crazy Fingers, Mississippi Half-Step Uptown Toodeloo, The Music Never Stopped, Promised Land"
22-11-2023,2c81816c-4ce5-4872-bf76-bc8f5ef9338d,Sisters & Brothers,The Jefferson Theater,Charlottesville,US,United States,"How Sweet It Is (To Be Loved by You), Expressway to Your Heart, That's What Love Will Make You Do, Midnight Moonlight, Mr. Charlie, Take Me to the River, Mississippi Moon, Cats Under the Stars, Dear Prudence, Franklin's Tower"
18-11-2023,924b5ed3-d283-46af-ad59-406bdbe0a1a1,Mipso,The Jefferson Theater,Charlottesville,US,United States,"Louise, Carolina Rolling By, People Change, The Numbers, Thirsty, Edges Run, Green Jesus"
14-11-2023,6f550455-03b6-4bbb-bad8-4f9ad767aad5,Lukas Nelson & Promise of the Real,The Jefferson Theater,Charlottesville,US,United States,"Entirely Different Stars, Sticks and Stones, Everytime I Drink I Think of Her, Fool Me Once, Four Letter Word, (Forget About) Georgia, Icarus, Carolina, Ain't Gonna Die, All the Pretty Horses, Just Outside of Austin, Turn Off the News (Build a Garden), King of the Road, The View, Throwin' Away Your Love, Alcohallelujah, Wrong House, Ladder of Love / Bloody Mary Morning, Find Yourself, All Four Winds, Set Me Down on a Cloud, Tumbling Tumbleweeds"
11-11-2023,07e748f1-075e-428d-85dc-ce3be434e906,Dave Matthews Band,John Paul Jones Arena,Charlottesville,US,United States,"Old Dirt Hill (Bring That Beat Back), The Best of What's Around, #27, Walk Around the Moon, Hunger for the Great Light, Pantala Naga Pampa, Rapunzel, The Ocean and the Butterfly, Rooftop, Minarets, Cry Freedom, So Damn Lucky, Monsters, The Maker, Warehouse, Looking for a Vein, Spaceman, Jimi Thing, Brick House, Ants Marching, Sister, Two Step"
10-11-2023,07e748f1-075e-428d-85dc-ce3be434e906,Dave Matthews Band,John Paul Jones Arena,Charlottesville,US,United States,"Busted Stuff, Funny the Way It Is, Where Are You Going, Fool in the Rain, All You Wanted Was Tomorrow, Stay or Leave, You Might Die Trying, Typical Situation, Madman's Eyes, Proudest Monkey, Satellite, The Only Thing, Crush, Louisiana Bayou, Virginia in the Rain, Lie in Our Graves, So Much to Say, Anyone Seen the Bridge, Too Much, Just Breathe, Grey Street"
03-11-2023,98213b08-577a-43a8-8376-b267284558c6,Brent Cobb,The Jefferson Theater,Charlottesville,US,United States,
20-10-2023,144ef525-85e9-40c3-8335-02c32d0861f3,John Mayer,CFG Bank Arena,Baltimore,US,United States,"Slow Dancing in a Burning Room, Clarity, Love on the Weekend, XO, January 16, 2002: ""Room for Squares"" Interview, Why Georgia, On the Way Home, Who Says, Waitin' on the Day, They Love Each Other, Something Like Olivia, The Age of Worry, Something's Missing, In Your Atmosphere, You're Gonna Live Forever in Me, Changing, ""Continuum"" Interview, Stop This Train, In the Blood, Your Body Is a Wonderland, The Heart of Life, Walt Grace's Submarine Test, January 1967, If I Ever Get Around to Living, Edge of Desire, Neon, Gravity"
18-10-2023,cc6559c1-3459-412c-aa52-397f65b7d402,Duane Betts,The Jefferson Theater,Charlottesville,US,United States,"Evergreen, Shinin', Blue Sky, Saints to Sinners, Oh Well, Colors Fade, Cold Dark World, Stare at the Sun, Dreams, Waiting on a Song, Hot 'Lanta"
14-10-2023,a05236ee-3fac-45d7-96f5-b2cd6d03fda9,Dogs in a Pile,The Southern Cafe & Music Hall,Charlottesville,US,United States,"Frosty, You Didn't Hear It From Me, Let U Go, Earthbound Man, Thomas Duncan, Pt. 2, Green Earrings, Fenway, Lazy Day, Bubble, Nyanyanyanyanyanyanya!, Bubble, China Cat Sunflower, Cats in zeh Hous, El Sonidito, Greta, Such a Night"
13-10-2023,3d36bd1f-a551-4b16-9cb5-3e4c68bc5f2a,The Nude Party,The Southern Cafe & Music Hall,Charlottesville,US,United States,
12-10-2023,64c08e7f-48ba-4a49-a18f-9ac648c8ac63,Daniel Donato,The Southern Cafe & Music Hall,Charlottesville,US,United States,"Locomotive #9, Rose in a Garden, Darling Corey, Fox on the Run, 'Til the Daylight, Broadside Ballad, Hangman's Reel, Better Deal Blues, Can I Change My Mind, Big Iron, Cantina Band, Lose Your Mind, Waymore's Blues, Mystery Train, Sugar Shack, Everybody's Talkin', Down Bedford, Drivin' Nails in My Coffin, Gotta Get Southbound, Hi-Country, Chore, Half Moon Night, The Arkansas Traveler"
07-10-2023,ef94d509-9448-4ed0-9912-93158f51aa9e,Mike Campbell & The Dirty Knobs,The Jefferson Theater,Charlottesville,US,United States,"Dirty Job, Lightning Boogie, External Combustion, Fault Lines, Don't Fade on Me, Humdinger, Fuck That Guy, Anna Lee, Wicked Mind, Rockin' Around (With You), Who Do You Love?, I Still Love You, Rat City, Electric Gypsy, Wreckless Abandon, Little Queenie, Sugar, Refugee, Southern Boy, Mr. Tambourine Man, Even the Losers, Listen to Her Heart, You Wreck Me"
05-10-2023,71d58182-aa37-4c04-b21a-efe46ea0f221,Chris Stapleton,John Paul Jones Arena,Charlottesville,US,United States,"White Horse, Parachute, Second One to Know, Starting Over, Millionaire, Hard Livin', Might as Well Get Stoned, Worry B Gone, What Are You Listening To?, Mountains of My Mind, Whiskey and You, Nobody to Blame, Arkansas, You Should Probably Leave, Crosswind, Joy of My Life, Cold, Free Bird / The Devil Named Music, Traveller, Fire Away, Broken Halos, Tennessee Whiskey, Where Rainbows Never Die, Outlaw State of Mind"
29-09-2023,dbf7c761-e332-467b-b4d9-aafe06bbcf8f,G. Love & Special Sauce,Ting Pavilion,Charlottesville,US,United States,"50 Ways to Leave Your Lover, Cold Beverage, Casey Jones"
29-09-2023,f8796712-19fd-49ca-9cc7-99c30215b3cd,Gov’t Mule,Ting Pavilion,Charlottesville,US,United States,"Bad Little Doggie, Blind Man in the Dark, Lay Your Burden Down, Smokestack Lightning, Traveling Tune, Larger Than Life, Dreaming Out Loud, Revolution Come, Revolution Go, Good Morning, School Girl, Trane, Rumble, Trane, St. Stephen, The River Only Flows One Way, After the Storm, Beautifully Broken, Breakdown, I'm a Ram, Goin' Out West, Soulshine, 30 Days in the Hole"
17-09-2023,e1691442-e13c-4166-875d-ce8ab92b9b38,Oteil & Friends,Brown's Island,Richmond,US,United States,"Rooster, Run for the Roses, Magnificent Sanctuary Band, Tore Up Over You, China Doll, Waiting on a Song, Mystery Train, Every Hungry Woman, That's What Love Will Make You Do, Turn On Your Love Light, No More Doubt"
17-09-2023,ab21e045-28ce-42d6-87bd-3f1b4861606c,Grateful Gospel,Brown's Island,Richmond,US,United States,"Ripple, Eyes of the World, Samson and Delilah, Mighty High, I'll Be With Thee, Here Comes Sunshine, Midnight Moonlight, Who Was John?, St. Stephen, My Sisters and Brothers (In Christ), Feel Like a Stranger"
17-09-2023,536a68e9-049b-4d9f-a0d1-2630c92acc4b,Keller Williams,Brown's Island,Richmond,US,United States,"Ripple, Eyes of the World, Samson and Delilah, Mighty High, I'll Be With Thee, Here Comes Sunshine, Midnight Moonlight, Lion's Share Jam, St. Stephen, My Sisters and Brothers (In Christ), Feel Like a Stranger"
15-09-2023,52a4de43-92f5-4995-9a71-07d67dd35b7d,Nathaniel Rateliff & The Night Sweats,Ting Pavilion,Charlottesville,US,United States,"Suffer Me, Intro, I Need Never Get Old, I'm on Your Side, Survivor, Look It Here, Howling at Nothing, Hey Mama, The Future, S.O.B. / The Shape I'm In, And It's Still Alright, Face Down in the Moment, You Worry Me, Dancing in the Dark, Trying So Hard Not to Know, Love Don't"
13-09-2023,0f9b5bdb-9e99-40c1-8311-5164cb8871a1,Bob Weir and Wolf Bros.,Ting Pavilion,Charlottesville,US,United States,"The Music Never Stopped, Easy Answers, Queen Jane Approximately, Loose Lucy, Two Djinn, Bird Song, Uncle John's Band, Supplication, Help on the Way, Slipknot!, Franklin's Tower, Morning Dew, Happy Birthday to You, The Wheel, Brokedown Palace"
05-09-2023,8e868f14-7fb1-4e80-b783-b992f844b010,Caamp,Ting Pavilion,Charlottesville,US,United States,"Vagabond, Books, Penny, Heads Up, So Long, Honey, I Keep Going, So Cool, No Sleep, Down the River, Moonsmoke, Just Wonderin, Heaven, By and By, There She Goes, 26, Lavender Girl, All My Lonesome, Officer of Love, Drive, All the Debts I Owe"
30-08-2023,1e46801d-c27b-4f07-a50d-51597a26df60,The Wailers Band,The Jefferson Theater,Charlottesville,US,United States,"Lively Up Yourself, Is This Love, Bad Card, Rebel Music (3 O'Clock Roadblock), I Shot the Sheriff, Crazy Baldhead, So Much Things to Say, Stir It Up, Destiny, No Woman, No Cry, Rat Race, Jamming, Three Little Birds, One Love, Buffalo Soldier, Redemption Song, One World, One Prayer, Could You Be Loved"
29-08-2023,93ccd76c-3790-4435-a8bf-02bc26294b93,Bush,Ting Pavilion,Charlottesville,US,United States,"Identity, Machinehead, Bullet Holes, The Chemicals Between Us, Quicksand, Flowers on a Grave, Everything Zen, Heavy Is the Ocean, More Than Machines, All Things Must Change, Little Things, The One I Love, Glycerine, Comedown"
26-08-2023,c96b3858-7292-4111-a97c-25e5c8d29815,The ‘77z,Rivanna River Company,Charlottesville,US,United States,"Feel Like a Stranger, Crazy Fingers, Loose Lucy, Dire Wolf, Cassidy, Althea, Ramble On Rose, Cumberland Blues, The Music Never Stopped"
19-08-2023,25658c94-4a08-4c1f-8d59-c5c554bdcc50,Rumours,The Jefferson Theater,Charlottesville,US,United States,
18-08-2023,44f1eea1-b560-4fbd-b16d-38a0bf9ad8d5,Baaba Seth,The Southern Cafe & Music Hall,Charlottesville,US,United States,
05-08-2023,e01646f2-2a04-450d-8bf2-0d993082e058,Phish,Madison Square Garden,New York,US,United States,"Loving Cup, Maze, Martian Monster, The Divided Sky, Prince Caspian, NICU, Steam, Drift While You're Sleeping, Set Your Soul Free, Tweezer, Guy Forget, What's the Use?, Scents and Subtle Sounds, Everything's Right, Backwards Down the Number Line, Tweezer Reprise, Harry Hood"
04-08-2023,e01646f2-2a04-450d-8bf2-0d993082e058,Phish,Madison Square Garden,New York,US,United States,"Buried Alive, The Moma Dance, 46 Days, Back in the Bubble, Bouncing Around the Room, Birds of a Feather, Halley's Comet, Roggae, Run Like an Antelope, Mike's Song, Sand, Crosseyed and Painless, A Life Beyond the Dream, The Lizards, While My Guitar Gently Weeps, Weekapaug Groove, Fluffhead"
28-07-2023,5ab765e9-72a5-4b1a-858c-a9ca9f2daa01,Neighbor,Ting Pavilion,Charlottesville,US,United States,"Lonely Rider, Mighty Apple Tree, Stranger Part of Town, Love Like Stone, Steel, Sitting on Top of the World, Motor"
11-07-2023,98cb416e-5271-484c-ab3b-6bed6b4aae12,The Head and the Heart,Ting Pavilion,Charlottesville,US,United States,"Living Mirage, Don't Show Your Weakness, Rhythm & Blues, All We Ever Knew, Ghosts, Another Story, Dreamer, Tiebreaker, Lost in My Mind, Every Shade of Blue, Missed Connection, Honeybee, Down in the Valley, Virginia (Wind in the Night), Shake, Rivers and Roads"
11-07-2023,e9177de4-27de-44b2-8aa7-c78bd5340587,Illiterate Light,Ting Pavilion,Charlottesville,US,United States,"Wake Up Now, Light Me Up, Sometimes Love Takes So Long, Heaven Bends, Feb 1st, Vampire Blues, Better Than I Used To"
03-07-2023,94f8947c-2d9c-4519-bcf9-6d11a24ad006,Dead & Company,Folsom Field,Boulder,US,United States,"Bertha, New Speedway Boogie, Cold Rain and Snow, Jack Straw, Althea, Playing in the Band, Uncle John's Band, Help on the Way, Slipknot!, Franklin's Tower, He's Gone, The Other One, Drums, Space, Standing on the Moon, All Along the Watchtower, Not Fade Away, Knockin' on Heaven's Door, The Weight"
03-07-2023,76fda896-7c2a-4e5e-a45b-d40acfb2080c,Yonder Mountain String Band,Boulder Theater,Boulder,US,United States,"What the Night Brings, The Bolton Stretch, Left Me in a Hole, Ruby, On the Run, If There's Still Ramblin' in the Rambler (Let Him Go), Mother's Only Son, Half Moon Rising, Bound to Ride, Nowhere Next, Boatman's Dance, Two Hits and the Joint Turned Brown, Big Mon, Granny Wontcha Smoke Some Marijuana, Casualty, Shady Grove, Mississippi Half-Step Uptown Toodeloo"
02-07-2023,94f8947c-2d9c-4519-bcf9-6d11a24ad006,Dead & Company,Folsom Field,Boulder,US,United States,"Feel Like a Stranger, Brown-Eyed Women, Samson and Delilah, Friend of the Devil, It Hurts Me Too, Ramble On Rose, High Time, Let It Grow, They Love Each Other, China Cat Sunflower, I Know You Rider, Fire on the Mountain, The Other One, Drums, Space, The Eleven, U.S. Blues, Morning Dew, Ripple"
01-07-2023,94f8947c-2d9c-4519-bcf9-6d11a24ad006,Dead & Company,Folsom Field,Boulder,US,United States,"Good Times, Truckin', Smokestack Lightning, Deal, Me and My Uncle, Dear Mr. Fantasy, Hey Jude, Terrapin Station, Don't Ease Me In, Eyes of the World, Shakedown Street, St. Stephen, Cumberland Blues, Drums, Space, Milestones, Days Between, Sugar Magnolia, Scarlet Begonias, Sunshine Daydream, Going Down the Road Feeling Bad"
15-06-2023,2cdd6de7-ccb9-450e-a20d-382407689d6a,The Wood Brothers,Ting Pavilion,Charlottesville,US,United States,
09-06-2023,a67cfd12-4129-4fb6-8772-24ef77a3798f,Dogwood Tales,The Southern Cafe & Music Hall,Charlottesville,US,United States,
03-06-2023,94f8947c-2d9c-4519-bcf9-6d11a24ad006,Dead & Company,Jiffy Lube Live,Bristow,US,United States,"Here Comes Sunshine, Mississippi Half-Step Uptown Toodeloo, Mr. Charlie, He's Gone, Brown-Eyed Women, Dear Prudence, Turn On Your Love Light, Deal, Scarlet Begonias, Playing in the Band, Cumberland Blues, Uncle John's Band, Drums, Space, Milestones, Days Between, Throwing Stones, One More Saturday Night, Ripple"
18-05-2023,38eb4af8-2282-4b8f-8819-1c7f92640dde,Robert Plant & Alison Krauss,Ting Pavilion,Charlottesville,US,United States,"Rich Woman, Quattro - World Drifts In, Fortune Teller, The Price of Love, Rock and Roll, Please Read the Letter, High and Lonesome, Last Kind Words Blues, You Led Me to the Wrong, Trouble With My Lover, In the Mood / Matty Groves, Can't Let Go, The Battle of Evermore, When the Levee Breaks, Leave My Woman Alone, Gone Gone Gone"
11-05-2023,84a69823-3d4f-4ede-b43f-17f85513181a,Joe Russo's Almost Dead,Ting Pavilion,Charlottesville,US,United States,"Row Jimmy, Let It Grow, Tangled Up in Blue, China Cat Sunflower, Why Don't We Do It in the Road?, Hell in a Bucket, Jack Straw, My Brother Esau, Help on the Way, Slipknot!, The Eleven, Feel Like a Stranger, It Hurts Me Too, Franklin's Tower, Magnificent Sanctuary Band, Not Fade Away"
11-05-2023,2c81816c-4ce5-4872-bf76-bc8f5ef9338d,Sisters & Brothers,The Southern Cafe & Music Hall,Charlottesville,US,United States,"Tangled Up in Blue, Wonderful World, Ain't No Bread in the Breadbox"
02-05-2023,21685b15-3074-446e-aa1d-ff7157014f53,Lucinda Williams,The Jefferson Theater,Charlottesville,US,United States,"Can't Let Go, Car Wheels on a Gravel Road, West Memphis, Stolen Moments, People Talkin', Lake Charles, Bus to Baton Rouge, Jukebox, Blue, Fruits of My Labor, Are You Down, Let's Get the Band Back Together, Real Live Bleeding Fingers and Broken Guitar Strings, You Can't Rule Me, Out of Touch, Righteously, Jesus Just Left Chicago, Joy"
29-04-2023,332b0b87-2d90-4054-91d5-63d67c203ff6,Chatham Rabbits,The Southern Cafe & Music Hall,Charlottesville,US,United States,
22-04-2023,5bbf0f10-4355-42cb-9d08-6b777a8a300d,Mt. Joy,Ting Pavilion,Charlottesville,US,United States,"Lemon Tree, Evergreen, Sheep, Let Loose, Fire on the Mountain, Orange Blood, Phenomenon, Bug Eyes, Where Is My Mind?, Jenny Jenkins, Bathroom Light, Don’t It Feel Good, I'm Your Wreck, Rearrange Us, Strangers, Dirty Love, Mt. Joy, Fire on the Mountain, Death, Johnson Song, Julia, Ain't No Sunshine, Clint Eastwood, Silver Lining, Cardinal, Astrovan"
20-04-2023,e84ddc5c-06e3-48fc-a8f1-fa0cf430d6b5,Cabinet,The Southern Cafe & Music Hall,Charlottesville,US,United States,"I'll Go Stepping Too, Celebration, Susquehanna Breakdown, The Tower, Pine Billy, Old Farmer's Mill, Wine and Shine, Po's Reel, All About You, Caroline, Silver Sun, Universe, Ms. Molly, Mysterio, Cards, Treat Me So Bad, Wheels, Heart of the Country, Heavy Rain"
22-03-2023,5fab339d-5dd4-42b0-8d70-496a4493ed59,moe.,The Jefferson Theater,Charlottesville,US,United States,"Rainshine, Stranger Than Fiction, White Lightning Turpentine, Again and Again, Blue Jeans Pizza, Silver Sun, Dangerous Game, Let It Rain, Happy Hour Hero, Waiting for the Punchline, Letter Home, Plane Crash, Chromatic Nightmare, Godzilla"
18-03-2023,d3fb1614-78fd-4555-9c68-f8b25add2de7,Carbon Leaf,The Jefferson Theater,Charlottesville,US,United States,"The Hunting Ground, Shine, This Is My Song!, What About Everything?, One Prairie Outpost, Love For Sale, Radio Free Europe, Sloop John B, Home, Life Less Ordinary, Everything's Alright Mama, Desperation Song, Morrison's Jig, American Tale, Rocky Road to Dublin, Raise the Roof, Under the Wire, Gathering, She's Gone (…for Good This Time), Ghost Dragon Attacks Castle, The Donnybrook Affair, Mary Mack, Banish Misfortune, The Boxer, Let Your Troubles Roll By"
11-03-2023,6d516230-b18f-4ba9-95b1-4e7aa6646a4b,Melvin Seals & JGB,Coffee Butler Amphitheater,Key West,US,United States,
11-03-2023,9b106beb-12b5-4525-8025-42e295a2b90a,Little Feat,Coffee Butler Amphitheater,Key West,US,United States,"Fat Man in the Bathtub, Let It Roll, Oh Atlanta, Rad Gumbo, Old Folks Boogie, Walkin' All Night, Sailin' Shoes, One Breath at a Time, Mellow Down Easy, Skin It Back, Time Loves a Hero, Day or Night, Church Falling Down, Cajun Girl, Dixie Chicken, Tripe Face Boogie, Feats Don't Fail Me Now, Willin'"
26-02-2023,42b38ec4-8ecb-4241-9320-30d5dd9f6556,David Wax Museum,Paramount Theater,Charlottesville,US,United States,
22-02-2023,640db492-34c4-47df-be14-96e2cd4b9fe4,Billy Strings,John Paul Jones Arena,Charlottesville,US,United States,"Red Daisy, Wargasm, Fire Line, Thirst Mutilator, Hollow Heart, Brain Damage, Watch It Fall, How Long Have I Been Waiting for You, Ruby Are You Mad, Alberta, Long Forgotten Dream, Home of the Red Fox, Bringin' in the Georgia Mail, Know It All, Hide and Seek, This Old World, Heartbeat of America, Along the Road, Gone a Long Time, While I'm Waiting Here, Pyramid Country, Must Be Seven, Ole Slew-Foot, Love Like Me, Crown of Thorns, Red Rocking Chair, Tennessee"
21-02-2023,640db492-34c4-47df-be14-96e2cd4b9fe4,Billy Strings,John Paul Jones Arena,Charlottesville,US,United States,"The Fire on My Tongue, John Hardy, Psycho, The Likes of Me, Doin' My Time, Love and Regret, With a Vamp in the Middle, Everything's the Same, Hellbender, Someday You'll Call My Name, New Camptown Races, Nothing's Working, Turmoil & Tinfoil, Away From the Mire, New Country Blues, Taking Water, End of the Rainbow, Ice Bridges, In the Morning Light, John Deere Tractor, West Dakota Rose, Secrets, All About You, Highway Hypnosis, Dust in a Baggie, Y'all Come"
05-02-2023,aab5c954-cabe-432e-899e-1c4f99757327,Toto,John Paul Jones Arena,Charlottesville,US,United States,"Afraid of Love, Hold the Line, I'll Be Over You, White Sister, Georgy Porgy, I'll Supply the Love, Home of the Brave, With a Little Help From My Friends, Rosanna, Africa"
05-02-2023,abd506e1-6f2b-4d6f-b937-92c267f6f88b,Journey,John Paul Jones Arena,Charlottesville,US,United States,"Only the Young, Guitar Solo, Stone in Love, Don't Stop Believin', Lights, Send Her My Love, Escape, Who's Crying Now, Mother, Father, Let It Rain, Lovin', Touchin', Squeezin', Piano Solo, Open Arms, Faithfully, Girl Can't Help It, Guitar Solo, Wheel in the Sky, Separate Ways (Worlds Apart), Be Good to Yourself, Any Way You Want It"
27-01-2023,e9177de4-27de-44b2-8aa7-c78bd5340587,Illiterate Light,The Jefferson Theater,Charlottesville,US,United States,"Wake Up Now, Light Me Up, Feb 1st, Nuthin's Fair, Carolina Lorelei, Closer, Heaven Bends, Sometimes Love Takes So Long, I Wanna Leave America, Fuck LA, Growin' Down, Hellraiser, Vampire Blues, Better Than I Used To"
19-01-2023,a4ad4581-721e-4123-aa3e-15b36490cf0f,Spafford,The Jefferson Theater,Charlottesville,US,United States,"Double Time, Doghouse, Part II, Mind's Unchained, Night After Night, On Fire, Plans, Funkadelic"
17-01-2023,94f8947c-2d9c-4519-bcf9-6d11a24ad006,Dead & Company,Moon Palace The Grand,Cancún,MX,Mexico,"Cold Rain and Snow, Cassidy, High Time, Mississippi Half-Step Uptown Toodeloo, Sugaree, The Wheel, New Speedway Boogie, China Cat Sunflower, I Know You Rider, He's Gone, Help on the Way, Slipknot!, Franklin's Tower, Drums, Space, The Other One, Standing on the Moon, Not Fade Away, U.S. Blues, Sunshine Daydream, Brokedown Palace"
16-01-2023,94f8947c-2d9c-4519-bcf9-6d11a24ad006,Dead & Company,Moon Palace The Grand,Cancún,MX,Mexico,"Scarlet Begonias, Bertha, Good Lovin', Mr. Charlie, Black-Throated Wind, Good Times, Dark Star, Fire on the Mountain, Playing in the Band, Brown-Eyed Women, Terrapin Station, Drums, Space, Jam, Althea, All Along the Watchtower, Morning Dew, Uncle John's Band"
15-01-2023,b925a474-d245-4217-bc13-2e153d82bebb,Goose,Moon Palace The Grand,Cancún,MX,Mexico,"Hungersite, A Western Sun, California Magic, Rockdale, Silver Rising, Pancakes, Peggy-O, Tomorrow Never Knows, Hard to Handle, Animal, Baby Don't You Do It, Thatch, This Old Sea, Moby, Hot Tea, Elmeg the Wise"
14-01-2023,94f8947c-2d9c-4519-bcf9-6d11a24ad006,Dead & Company,Moon Palace Cancun Resort,Cancún,MX,Mexico,"Sugar Magnolia, Deal, Shakedown Street, Ramble On Rose, They Love Each Other, Tennessee Jed, Jack Straw, Casey Jones, St. Stephen, Dear Mr. Fantasy, Hey Jude, Estimated Prophet, Eyes of the World, Drums, Space, Cumberland Blues, Stella Blue, One More Saturday Night, Ripple"
18-11-2022,e477d9c0-1f35-40f7-ad1a-b915d2523b84,Dark Star Orchestra,The National,Richmond,US,United States,"Wang Dang Doodle, My Brother Esau, Peggy-O, The Little Red Rooster, Brown-Eyed Women, Lost Sailor, Saint of Circumstance, Deal, Help on the Way, Slipknot!, Franklin's Tower, Estimated Prophet, Eyes of the World, Drums, Space, St. Stephen, Throwing Stones, Not Fade Away, Revolution, Love the One You're With"
17-11-2022,e477d9c0-1f35-40f7-ad1a-b915d2523b84,Dark Star Orchestra,The National,Richmond,US,United States,"Alabama Getaway, Greatest Story Ever Told, Stagger Lee, On the Road Again, She Belongs to Me, Hell in a Bucket, Tennessee Jed, Looks Like Rain, Mystery Train, Hey Pocky A-Way, Touch of Grey, Expressway to Your Heart, Uncle John's Band, Unbroken Chain, Drums, Space, Hey Jude, Gimme Some Lovin', Days Between, Uncle John's Band, Viola Lee Blues, Oh! Darling"
19-10-2022,64c08e7f-48ba-4a49-a18f-9ac648c8ac63,Daniel Donato,The Southern Cafe & Music Hall,Charlottesville,US,United States,"Intro - Yeehaw Check!, Luck of the Draw, Sugar Leg Rag, Double Exposure, Another Dimension, Weathervane, Lose Your Mind, Big River, Riders in the Sky, Justice"
07-10-2022,254001b2-3bba-4bed-bcdf-965e29454936,Parker Millsap,The Southern Cafe & Music Hall,Charlottesville,US,United States,
30-09-2022,df6721f1-5c56-43c8-b212-50d701ad09d3,Dylan LeBlanc,The Southern Cafe & Music Hall,Charlottesville,US,United States,
21-09-2022,baf05baf-69fb-47dd-93c2-033536b8c385,Brandi Carlile,Maymont,Richmond,US,United States,"Follow, Broken Horses, Mama Werewolf, The Things I Regret, I Will, The Eye, The Story, That Wasn't Me, The Mother, I Belong to You, You and Me on the Rock, The Promise, Raise Hell, Letter to the Past, Right on Time, The Joke, Josephine, Cannonball, Pride and Joy, Party of One, A Case of You"
09-09-2022,91e07743-761b-40f4-b4cb-f3dd72b4c26c,Margo Cilker,The Southern Cafe & Music Hall,Charlottesville,US,United States,
16-07-2022,94f8947c-2d9c-4519-bcf9-6d11a24ad006,Dead & Company,Citi Field,Queens,US,United States,"Playing in the Band, Uncle John's Band, Dear Mr. Fantasy, Hey Jude, Ramble On Rose, Brown-Eyed Women, Jack Straw, Truckin', Wang Dang Doodle, Scarlet Begonias, Franklin's Tower, St. Stephen, The Eleven, Drums, Space, All Along the Watchtower, Morning Dew, Deal"
15-07-2022,94f8947c-2d9c-4519-bcf9-6d11a24ad006,Dead & Company,Citi Field,Queens,US,United States,"Bertha, Mississippi Half-Step Uptown Toodeloo, Shakedown Street, Sugaree, Tennessee Jed, Bird Song, Don't Ease Me In, Althea, Viola Lee Blues, Terrapin Station, China Cat Sunflower, I Know You Rider, Drums, Space, The Other One, Standing on the Moon, Not Fade Away, Sugar Magnolia"
18-06-2022,c96b3858-7292-4111-a97c-25e5c8d29815,The ‘77z,Rivanna River Company,Charlottesville,US,United States,"Feel Like a Stranger, Bertha, Tennessee Jed, Jack-A-Roe, Cassidy, Dire Wolf, Bird Song, Scarlet Begonias, Estimated Prophet, Eyes of the World, Truckin', One More Saturday Night, U.S. Blues"
17-05-2022,e477d9c0-1f35-40f7-ad1a-b915d2523b84,Dark Star Orchestra,The Jefferson Theater,Charlottesville,US,United States,"Help on the Way, Slipknot!, Franklin's Tower, When I Paint My Masterpiece, Easy to Love You, Easy to Slip, Loose Lucy, Broken Arrow, Simple Twist of Fate, You Ain't Woman Enough (to Take My Man), Might as Well, Jack Straw, So Many Roads, Unbroken Chain, New Speedway Boogie, St. Stephen, Drums, Space, Corrina, Comes a Time, Going Down the Road Feeling Bad, The Way You Do the Things You Do"
27-04-2022,5d12875c-a197-43b2-8f29-41dc0ad895c3,Lindsey Buckingham,Paramount Theater,Charlottesville,US,United States,"Not Too Late, In Our Own Time, Soul Drifter, Stars Are Crazy, I Must Go, Doing What I Can, Shut Us Down, Trouble, Never Going Back Again, Big Love, Scream, I Don't Mind, On the Wrong Side, Swan Song, Second Hand News, Tusk, I'm So Afraid, Go Your Own Way, Love Is Here to Stay, Time"
13-10-2021,ffb7c323-5113-4bb0-a5f7-5b657eec4083,Phil Lesh & Friends,Capitol Theatre,Port Chester,US,United States,"Celebration, Not Fade Away, China Cat Sunflower, New Potato Caboose, Help on the Way, Slipknot!, Lucy in the Sky With Diamonds, Scarlet Begonias, Fire on the Mountain, Scarlet Begonias, Unbroken Chain, Dark Star, So What, The Low Spark of High Heeled Boys, I Am the Walrus, Dark Star, Wharf Rat, Dark Star, Stella Blue, Franklin's Tower, Patchwork Quilt"
15-10-2019,b5c4ffa2-82e1-4b72-b7f3-c60afb74b860,Ray LaMontagne,The Music Center at Strathmore,North Bethesda,US,United States,
15-05-2016,0a176d0a-ef46-4e7f-b018-9f4d65614668,The Avett Brothers,EagleBank Arena,Fairfax,US,United States,"Pretty Girl From Feltre, Colorshow, Ain't No Man, The D Bag Rag, Will You Return?, February Seven, Another Is Waiting, Head Full of Doubt/Road Full of Promise, Sanguine, Salina, Live and Die, Morning Song, I Would Be Sad, Loretta, Fisher Road to Hollywood, The Prettiest Thing, Vanity, Mama Tried, All My Mistakes, Paranoia in B-Flat Major, Laundry Room, Talk on Indolence, Murder in the City, Stay a Little Longer, The Perfect Space"
24-07-2008,48641d75-7efc-48af-bf5d-ced4e3c715c4,Steve Earle with Allison Moorer,Byham Theater,Pittsburgh,US,United States,"Guitar Town, Down Here Below, Satellite Radio, Tennessee Blues, Sparkle and Shine, City of Immigrants, Days Aren't Long Enough, The Galway Girl, Steve's Hammer (For Pete), Copperhead Road"
11-07-2008,132055c7-34b4-4122-93cb-d149a0cbc028,Virginia Coalition,Rex Theater,Pittsburgh,US,United States,
22-07-1999,668fd73c-bf54-4310-a139-305517f05311,Willie Nelson,Heinz Hall,Pittsburgh,US,United States,
20-11-1998,e01646f2-2a04-450d-8bf2-0d993082e058,Phish,Hampton Coliseum,Hampton,US,United States,"Rock and Roll, Part 2, Tube, Quinn the Eskimo (The Mighty Quinn), Funky Bitch, Guelah Papyrus, Rift, Meat, Stash, Train Song, Possum, Roggae, Driver, Split Open and Melt, Bathtub Gin, Piper, Axilla, Roses Are Free, Farmhouse, Hold Your Head Up, Gettin' Jiggy Wit It, Hold Your Head Up, Harry Hood, Character Zero, Cavern"
08-06-1996,3f5be744-e867-42fb-8913-5fd69e4099b5,Chicago,Coca-Cola Star Lake Amphitheater,Burgettstown,US,United States,
08-06-1996,cfafad90-b736-4c74-8ded-f3f4d7b2c792,"Crosby, Stills & Nash",Coca-Cola Star Lake Amphitheater,Burgettstown,US,United States,
08-08-1995,9a3bf45c-347d-4630-894d-7cf3e8e0b632,Santana,Coca-Cola Star Lake Amphitheater,Burgettstown,US,United States,"Apache / Santana Sandwich, Harmonious Convergence / Hal 99, Open Invitation, Europa (Earth's Cry, Heaven's Smile), Spanish Castle Magic, (Da le) Yaleo / Hannibal, Make Somebody Happy / Get It in Your Soul, Guajira, Savor, Jin-go-lo-ba, Exodus, Get Up, Stand Up, Black Magic Woman / Gypsy Queen, Oye cómo va"
30-06-1995,6faa7ca7-0d99-4a5e-bfa6-1fd5037520c6,Grateful Dead,Three Rivers Stadium,Pittsburgh,US,United States,"Hell in a Bucket, West L.A. Fadeaway, Take Me to the River, Candyman, When I Paint My Masterpiece, Bird Song, Promised Land, Rain, Box of Rain, Samba in the Rain, Looks Like Rain, Terrapin Station, Drums, Space, I Need a Miracle, Standing on the Moon, Gloria"
19-03-1995,32f2d6bd-c22b-42cf-a7bc-0c4b48cd2bcb,Joe Cocker,A.J. Palumbo Center,Pittsburgh,US,United States,
20-04-1994,534ee493-bfac-4575-a44a-0ae41e2c3fe4,Rush,Civic Arena,Pittsburgh,US,United States,"Dreamline, The Spirit of Radio, The Analog Kid, Cold Fire, Time Stand Still, Nobody's Hero, Roll the Bones, Animate, Stick It Out, Double Agent, Limelight, Bravado, Mystic Rhythms, Closer to the Heart, Show Don't Tell, Leave That Thing Alone, Drum Solo, The Trees, Xanadu, Cygnus X-1 Book II: Hemispheres Part I: Prelude, Tom Sawyer, Force Ten, YYZ"
21-06-1992,534ee493-bfac-4575-a44a-0ae41e2c3fe4,Rush,Coca-Cola Star Lake Amphitheater,Burgettstown,US,United States,"Force Ten, Limelight, Freewill, Distant Early Warning, Time Stand Still, Dreamline, Bravado, Roll the Bones, Show Don't Tell, The Big Money, Ghost of a Chance, Vital Signs, The Analog Kid, The Trees, Where's My Thing?, Drum Solo, Closer to the Heart, Xanadu, Superconductor, Tom Sawyer, The Spirit of Radio, 2112 Part I: Overture / Finding My Way / La Villa Strangiato / Anthem / Red Barchetta"
23-05-1992,69ee3720-a7cb-4402-b48d-a02c366f2bcf,The Cure,Coca-Cola Star Lake Amphitheater,Burgettstown,US,United States,"Tape, Open, High, Pictures of You, Lullaby, Just Like Heaven, Fascination Street, Apart, A Night Like This, The Walk, Let's Go to Bed, Doing the Unstuck, Friday I'm in Love, In Between Days, From the Edge of the Deep Green Sea, Never Enough, Cut, End, Lovesong, Why Can't I Be You?, In Your House, Three Imaginary Boys, Primary, A Strange Day, A Forest"
28-10-1991,534ee493-bfac-4575-a44a-0ae41e2c3fe4,Rush,Civic Arena,Pittsburgh,US,United States,"Force Ten, Limelight, Freewill, Distant Early Warning, Time Stand Still, Dreamline, Bravado, Roll the Bones, Show Don't Tell, The Big Money, Subdivisions, The Pass, Where's My Thing?, Drum Solo, Closer to the Heart, Xanadu, Superconductor, Tom Sawyer, The Spirit of Radio, 2112 Part I: Overture / Finding My Way / La Villa Strangiato / Anthem / Red Barchetta"
